-- MariaDB dump 10.18  Distrib 10.5.8-MariaDB, for Win64 (AMD64)
--
-- Host: localhost    Database: baigiamasis
-- ------------------------------------------------------
-- Server version	10.5.8-MariaDB

/*!40101 SET @OLD_CHARACTER_SET_CLIENT=@@CHARACTER_SET_CLIENT */;
/*!40101 SET @OLD_CHARACTER_SET_RESULTS=@@CHARACTER_SET_RESULTS */;
/*!40101 SET @OLD_COLLATION_CONNECTION=@@COLLATION_CONNECTION */;
/*!40101 SET NAMES utf8mb4 */;
/*!40103 SET @OLD_TIME_ZONE=@@TIME_ZONE */;
/*!40103 SET TIME_ZONE='+00:00' */;
/*!40014 SET @OLD_UNIQUE_CHECKS=@@UNIQUE_CHECKS, UNIQUE_CHECKS=0 */;
/*!40014 SET @OLD_FOREIGN_KEY_CHECKS=@@FOREIGN_KEY_CHECKS, FOREIGN_KEY_CHECKS=0 */;
/*!40101 SET @OLD_SQL_MODE=@@SQL_MODE, SQL_MODE='NO_AUTO_VALUE_ON_ZERO' */;
/*!40111 SET @OLD_SQL_NOTES=@@SQL_NOTES, SQL_NOTES=0 */;

--
-- Table structure for table `__efmigrationshistory`
--

DROP TABLE IF EXISTS `__efmigrationshistory`;
/*!40101 SET @saved_cs_client     = @@character_set_client */;
/*!40101 SET character_set_client = utf8 */;
CREATE TABLE `__efmigrationshistory` (
  `MigrationId` varchar(95) NOT NULL,
  `ProductVersion` varchar(32) NOT NULL,
  PRIMARY KEY (`MigrationId`)
) ENGINE=InnoDB DEFAULT CHARSET=utf8;
/*!40101 SET character_set_client = @saved_cs_client */;

--
-- Dumping data for table `__efmigrationshistory`
--

LOCK TABLES `__efmigrationshistory` WRITE;
/*!40000 ALTER TABLE `__efmigrationshistory` DISABLE KEYS */;
INSERT INTO `__efmigrationshistory` VALUES ('20201228094337_initialDb','5.0.0');
/*!40000 ALTER TABLE `__efmigrationshistory` ENABLE KEYS */;
UNLOCK TABLES;

--
-- Table structure for table `komandos`
--

DROP TABLE IF EXISTS `komandos`;
/*!40101 SET @saved_cs_client     = @@character_set_client */;
/*!40101 SET character_set_client = utf8 */;
CREATE TABLE `komandos` (
  `ID` int(11) NOT NULL AUTO_INCREMENT,
  `Pavadinimas` longtext DEFAULT NULL,
  `ShortName` longtext DEFAULT NULL,
  `Logo` longtext DEFAULT NULL,
  `Region` int(11) NOT NULL,
  PRIMARY KEY (`ID`)
) ENGINE=InnoDB AUTO_INCREMENT=46 DEFAULT CHARSET=utf8;
/*!40101 SET character_set_client = @saved_cs_client */;

--
-- Dumping data for table `komandos`
--

LOCK TABLES `komandos` WRITE;
/*!40000 ALTER TABLE `komandos` DISABLE KEYS */;
INSERT INTO `komandos` VALUES (1,'Boston Celtics','BOS','https://cdn.nba.com/logos/nba/1610612738/global/L/logo.svg',1),(2,'Brooklyn Nets','BKN','https://cdn.nba.com/logos/nba/1610612751/global/L/logo.svg',1),(3,'New York Knicks','NYK','https://cdn.nba.com/logos/nba/1610612752/global/L/logo.svg',1),(4,'Philadelphia 76ers','PHI','https://cdn.nba.com/logos/nba/1610612755/global/L/logo.svg',1),(5,'Toronto Raptors','TOR','https://cdn.nba.com/logos/nba/1610612761/global/L/logo.svg',1),(6,'Chicago Bulls','CHI','https://cdn.nba.com/logos/nba/1610612741/global/L/logo.svg',1),(7,'Cleveland Cavaliers','CLE','https://cdn.nba.com/logos/nba/1610612739/global/L/logo.svg',1),(8,'Detroit Pistons','DET','https://cdn.nba.com/logos/nba/1610612765/global/L/logo.svg',1),(9,'Indiana Pacers','IND','https://cdn.nba.com/logos/nba/1610612754/global/L/logo.svg',1),(10,'Milwaukee Bucks','MIL','https://cdn.nba.com/logos/nba/1610612749/global/L/logo.svg',1),(11,'Atlanta Hawks','ATL','https://cdn.nba.com/logos/nba/1610612737/global/L/logo.svg',1),(12,'Charlotte Hornets','CHA','https://cdn.nba.com/logos/nba/1610612766/global/L/logo.svg',1),(13,'Miami Heat','MIA','https://cdn.nba.com/logos/nba/1610612748/global/L/logo.svg',1),(14,'Orlando Magic','ORL','https://cdn.nba.com/logos/nba/1610612753/global/L/logo.svg',1),(15,'Washington Wizards','WAS','https://cdn.nba.com/logos/nba/1610612764/global/L/logo.svg',1),(16,'Denver Nuggets','DEN','https://cdn.nba.com/logos/nba/1610612743/global/L/logo.svg',0),(17,'Minnesota Timberwolves','MIN','https://cdn.nba.com/logos/nba/1610612750/global/L/logo.svg',0),(18,'Oklahoma City Thunder','OKC','https://cdn.nba.com/logos/nba/1610612760/global/L/logo.svg',0),(19,'Portland Trail Blazers','POR','https://cdn.nba.com/logos/nba/1610612757/global/L/logo.svg',0),(20,'Utah Jazz','UTA','https://cdn.nba.com/logos/nba/1610612762/global/L/logo.svg',0),(21,'Golden State Warriors','GSW','https://cdn.nba.com/logos/nba/1610612744/global/L/logo.svg',0),(22,'Los Angeles Clippers','LAC','https://cdn.nba.com/logos/nba/1610612746/global/L/logo.svg',0),(23,'Los Angeles Lakers','LAL','https://cdn.nba.com/logos/nba/1610612747/global/L/logo.svg',0),(24,'Phoenix Suns','PHX','https://cdn.nba.com/logos/nba/1610612756/global/L/logo.svg',0),(25,'Sacramento Kings','SAC','https://cdn.nba.com/logos/nba/1610612758/global/L/logo.svg',0),(26,'Dallas Mavericks','DAL','https://cdn.nba.com/logos/nba/1610612742/global/L/logo.svg',0),(27,'Houston Rockets','HOU','https://cdn.nba.com/logos/nba/1610612745/global/L/logo.svg',0),(28,'Memphis Grizzlies','MEM','https://cdn.nba.com/logos/nba/1610612763/global/L/logo.svg',0),(29,'New Orleans Pelicans','NOP','https://cdn.nba.com/logos/nba/1610612740/global/L/logo.svg',0),(30,'San Antonio Spurs','SAN','https://cdn.nba.com/logos/nba/1610612759/global/L/logo.svg',0);
/*!40000 ALTER TABLE `komandos` ENABLE KEYS */;
UNLOCK TABLES;

--
-- Table structure for table `naudotojopicks`
--

DROP TABLE IF EXISTS `naudotojopicks`;
/*!40101 SET @saved_cs_client     = @@character_set_client */;
/*!40101 SET character_set_client = utf8 */;
CREATE TABLE `naudotojopicks` (
  `ID` int(11) NOT NULL AUTO_INCREMENT,
  `TotalPoints` double NOT NULL,
  `ZaidejasPirmasID` int(11) NOT NULL,
  `ZaidejasAntrasID` int(11) NOT NULL,
  `ZaidejasTreciasID` int(11) NOT NULL,
  `ZaidejasKetvirtasID` int(11) NOT NULL,
  `ZaidejasPenktasID` int(11) NOT NULL,
  `likoPinigu` int(11) NOT NULL,
  `UserId` int(11) NOT NULL,
  `RungtynesID` int(11) NOT NULL,
  PRIMARY KEY (`ID`),
  KEY `IX_NaudotojoPicks_RungtynesID` (`RungtynesID`),
  KEY `IX_NaudotojoPicks_UserId` (`UserId`),
  KEY `IX_NaudotojoPicks_ZaidejasAntrasID` (`ZaidejasAntrasID`),
  KEY `IX_NaudotojoPicks_ZaidejasKetvirtasID` (`ZaidejasKetvirtasID`),
  KEY `IX_NaudotojoPicks_ZaidejasPenktasID` (`ZaidejasPenktasID`),
  KEY `IX_NaudotojoPicks_ZaidejasPirmasID` (`ZaidejasPirmasID`),
  KEY `IX_NaudotojoPicks_ZaidejasTreciasID` (`ZaidejasTreciasID`),
  CONSTRAINT `FK_NaudotojoPicks_Rungtynes_RungtynesID` FOREIGN KEY (`RungtynesID`) REFERENCES `rungtynes` (`ID`) ON DELETE CASCADE,
  CONSTRAINT `FK_NaudotojoPicks_Users_UserId` FOREIGN KEY (`UserId`) REFERENCES `users` (`Id`) ON DELETE CASCADE,
  CONSTRAINT `FK_NaudotojoPicks_Zaidejai_ZaidejasAntrasID` FOREIGN KEY (`ZaidejasAntrasID`) REFERENCES `zaidejai` (`ID`) ON DELETE CASCADE,
  CONSTRAINT `FK_NaudotojoPicks_Zaidejai_ZaidejasKetvirtasID` FOREIGN KEY (`ZaidejasKetvirtasID`) REFERENCES `zaidejai` (`ID`) ON DELETE CASCADE,
  CONSTRAINT `FK_NaudotojoPicks_Zaidejai_ZaidejasPenktasID` FOREIGN KEY (`ZaidejasPenktasID`) REFERENCES `zaidejai` (`ID`) ON DELETE CASCADE,
  CONSTRAINT `FK_NaudotojoPicks_Zaidejai_ZaidejasPirmasID` FOREIGN KEY (`ZaidejasPirmasID`) REFERENCES `zaidejai` (`ID`) ON DELETE CASCADE,
  CONSTRAINT `FK_NaudotojoPicks_Zaidejai_ZaidejasTreciasID` FOREIGN KEY (`ZaidejasTreciasID`) REFERENCES `zaidejai` (`ID`) ON DELETE CASCADE
) ENGINE=InnoDB AUTO_INCREMENT=19 DEFAULT CHARSET=utf8;
/*!40101 SET character_set_client = @saved_cs_client */;

--
-- Dumping data for table `naudotojopicks`
--

LOCK TABLES `naudotojopicks` WRITE;
/*!40000 ALTER TABLE `naudotojopicks` DISABLE KEYS */;
INSERT INTO `naudotojopicks` VALUES (18,0,34,42,41,35,36,5500,14,106);
/*!40000 ALTER TABLE `naudotojopicks` ENABLE KEYS */;
UNLOCK TABLES;

--
-- Table structure for table `roles`
--

DROP TABLE IF EXISTS `roles`;
/*!40101 SET @saved_cs_client     = @@character_set_client */;
/*!40101 SET character_set_client = utf8 */;
CREATE TABLE `roles` (
  `ID` int(11) NOT NULL AUTO_INCREMENT,
  `Pavadinimas` longtext DEFAULT NULL,
  PRIMARY KEY (`ID`)
) ENGINE=InnoDB AUTO_INCREMENT=3 DEFAULT CHARSET=utf8;
/*!40101 SET character_set_client = @saved_cs_client */;

--
-- Dumping data for table `roles`
--

LOCK TABLES `roles` WRITE;
/*!40000 ALTER TABLE `roles` DISABLE KEYS */;
INSERT INTO `roles` VALUES (1,'Admin'),(2,'Svecias');
/*!40000 ALTER TABLE `roles` ENABLE KEYS */;
UNLOCK TABLES;

--
-- Table structure for table `rungtynes`
--

DROP TABLE IF EXISTS `rungtynes`;
/*!40101 SET @saved_cs_client     = @@character_set_client */;
/*!40101 SET character_set_client = utf8 */;
CREATE TABLE `rungtynes` (
  `ID` int(11) NOT NULL AUTO_INCREMENT,
  `HomeTeamID` int(11) NOT NULL,
  `AwayTeamID` int(11) NOT NULL,
  `HomeTeamScore` int(11) NOT NULL,
  `AwayTeamScore` int(11) NOT NULL,
  `StartDate` datetime(6) NOT NULL,
  PRIMARY KEY (`ID`),
  KEY `IX_Rungtynes_AwayTeamID` (`AwayTeamID`),
  KEY `IX_Rungtynes_HomeTeamID` (`HomeTeamID`),
  CONSTRAINT `FK_Rungtynes_Komandos_AwayTeamID` FOREIGN KEY (`AwayTeamID`) REFERENCES `komandos` (`ID`) ON DELETE CASCADE,
  CONSTRAINT `FK_Rungtynes_Komandos_HomeTeamID` FOREIGN KEY (`HomeTeamID`) REFERENCES `komandos` (`ID`) ON DELETE CASCADE
) ENGINE=InnoDB AUTO_INCREMENT=109 DEFAULT CHARSET=utf8;
/*!40101 SET character_set_client = @saved_cs_client */;

--
-- Dumping data for table `rungtynes`
--

LOCK TABLES `rungtynes` WRITE;
/*!40000 ALTER TABLE `rungtynes` DISABLE KEYS */;
INSERT INTO `rungtynes` VALUES (93,5,6,0,0,'2021-01-09 18:29:00.000000'),(95,1,3,0,0,'2021-01-01 00:00:00.000000'),(99,1,5,0,0,'2021-01-07 00:00:00.000000'),(106,1,3,0,0,'2021-01-04 10:00:00.000000'),(108,1,2,0,0,'2021-01-05 00:00:00.000000');
/*!40000 ALTER TABLE `rungtynes` ENABLE KEYS */;
UNLOCK TABLES;

--
-- Table structure for table `rungtyniustatistikos`
--

DROP TABLE IF EXISTS `rungtyniustatistikos`;
/*!40101 SET @saved_cs_client     = @@character_set_client */;
/*!40101 SET character_set_client = utf8 */;
CREATE TABLE `rungtyniustatistikos` (
  `ID` int(11) NOT NULL AUTO_INCREMENT,
  `MIN` longtext DEFAULT NULL,
  `PTS` double NOT NULL,
  `REB` int(11) NOT NULL,
  `AST` int(11) NOT NULL,
  `TOV` int(11) NOT NULL,
  `BLK` int(11) NOT NULL,
  `PF` int(11) NOT NULL,
  `GautuTaskuKiekis` double NOT NULL,
  `ZaidejasID` int(11) NOT NULL,
  `RungtynesID` int(11) NOT NULL,
  PRIMARY KEY (`ID`),
  KEY `IX_RungtyniuStatistikos_RungtynesID` (`RungtynesID`),
  KEY `IX_RungtyniuStatistikos_ZaidejasID` (`ZaidejasID`),
  CONSTRAINT `FK_RungtyniuStatistikos_Rungtynes_RungtynesID` FOREIGN KEY (`RungtynesID`) REFERENCES `rungtynes` (`ID`) ON DELETE CASCADE,
  CONSTRAINT `FK_RungtyniuStatistikos_Zaidejai_ZaidejasID` FOREIGN KEY (`ZaidejasID`) REFERENCES `zaidejai` (`ID`) ON DELETE CASCADE
) ENGINE=InnoDB AUTO_INCREMENT=2224 DEFAULT CHARSET=utf8;
/*!40101 SET character_set_client = @saved_cs_client */;

--
-- Dumping data for table `rungtyniustatistikos`
--

LOCK TABLES `rungtyniustatistikos` WRITE;
/*!40000 ALTER TABLE `rungtyniustatistikos` DISABLE KEYS */;
INSERT INTO `rungtyniustatistikos` VALUES (2000,'16:45',22,7,3,1,1,3,63,1,95),(2001,'28:17',3,8,7,1,0,2,43,294,95),(2002,'31:18',12,11,1,4,1,1,49,48,95),(2003,'0:00',0,0,0,0,0,0,0,46,95),(2004,'3:15',2,1,1,0,1,1,7,45,95),(2005,'17:59',10,5,2,3,2,0,35,43,95),(2006,'0:00',0,0,0,0,0,0,0,42,95),(2007,'8:45',12,1,2,1,1,4,19,41,95),(2008,'0:00',0,0,0,0,0,0,0,40,95),(2009,'6:00',3,1,1,1,1,1,7,37,95),(2010,'0:00',0,0,0,0,0,0,0,36,95),(2011,'32:11',7,8,2,3,1,5,23,35,95),(2012,'28:55',26,5,1,1,3,3,59,34,95),(2013,'0:00',0,0,0,0,0,0,0,16,95),(2014,'19:55',5,8,4,1,4,1,41,44,95),(2015,'8:33',0,7,8,1,2,2,37,14,95),(2016,'22:11',27,3,3,3,3,3,57,13,95),(2017,'32:17',31,2,2,0,3,3,65,12,95),(2018,'29:14',20,2,2,2,2,2,42,11,95),(2019,'7:19',10,7,0,2,1,2,31,10,95),(2020,'0:00',0,0,0,0,0,0,0,9,95),(2021,'0:00',0,0,0,0,0,0,0,8,95),(2022,'6:15',3,8,1,1,1,1,28,7,95),(2023,'0:00',0,0,0,0,0,0,0,15,95),(2024,'25:22',18,7,3,2,2,2,56,6,95),(2025,'7:45',6,2,1,2,1,3,8,4,95),(2026,'1:15',2,1,0,0,2,1,4,3,95),(2027,'15:00',7,3,9,3,1,4,32,2,95),(2167,'45:59',32,11,12,3,2,1,124,1,108),(2168,'0:00',0,0,0,0,0,0,0,32,108),(2169,'0:00',0,0,0,0,0,0,0,29,108),(2170,'0:00',0,0,0,0,0,0,0,28,108),(2171,'0:00',0,0,0,0,0,0,0,27,108),(2172,'0:00',0,0,0,0,0,0,0,26,108),(2173,'0:00',0,0,0,0,0,0,0,25,108),(2174,'0:00',0,0,0,0,0,0,0,24,108),(2175,'0:00',0,0,0,0,0,0,0,23,108),(2176,'0:00',0,0,0,0,0,0,0,22,108),(2177,'0:00',0,0,0,0,0,0,0,21,108),(2178,'0:00',0,0,0,0,0,0,0,19,108),(2179,'0:00',0,0,0,0,0,0,0,18,108),(2180,'0:00',0,0,0,0,0,0,0,17,108),(2181,'0:00',0,0,0,0,0,0,0,16,108),(2182,'0:00',0,0,0,0,0,0,0,15,108),(2183,'0:00',0,0,0,0,0,0,0,14,108),(2184,'0:00',0,0,0,0,0,0,0,13,108),(2185,'0:00',0,0,0,0,0,0,0,12,108),(2186,'0:00',0,0,0,0,0,0,0,11,108),(2187,'0:00',0,0,0,0,0,0,0,10,108),(2188,'0:00',0,0,0,0,0,0,0,9,108),(2189,'0:00',0,0,0,0,0,0,0,8,108),(2190,'0:00',0,0,0,0,0,0,0,7,108),(2191,'0:00',0,0,0,0,0,0,0,6,108),(2192,'0:00',0,0,0,0,0,0,0,4,108),(2193,'0:00',0,0,0,0,0,0,0,3,108),(2194,'0:00',0,0,0,0,0,0,0,2,108),(2195,'0:00',0,0,0,0,0,0,0,33,108),(2196,'35:12',12,7,8,1,5,0,67,1,106),(2197,'0:00',0,0,0,0,0,0,0,48,106),(2198,'0:00',0,0,0,0,0,0,0,46,106),(2199,'0:00',0,0,0,0,0,0,0,45,106),(2200,'0:00',0,0,0,0,0,0,0,44,106),(2201,'0:00',0,0,0,0,0,0,0,43,106),(2202,'0:00',0,0,0,0,0,0,0,40,106),(2203,'0:00',0,0,0,0,0,0,0,37,106),(2204,'0:00',0,0,0,0,0,0,0,36,106),(2205,'0:00',0,0,0,0,0,0,0,35,106),(2206,'0:00',0,0,0,0,0,0,0,41,106),(2207,'0:00',0,0,0,0,0,0,0,42,106),(2208,'0:00',0,0,0,0,0,0,0,34,106),(2209,'0:00',0,0,0,0,0,0,0,294,106),(2210,'0:00',0,0,0,0,0,0,0,16,106),(2211,'0:00',0,0,0,0,0,0,0,14,106),(2212,'0:00',0,0,0,0,0,0,0,13,106),(2213,'0:00',0,0,0,0,0,0,0,12,106),(2214,'0:00',0,0,0,0,0,0,0,11,106),(2215,'0:00',0,0,0,0,0,0,0,10,106),(2216,'0:00',0,0,0,0,0,0,0,9,106),(2217,'0:00',0,0,0,0,0,0,0,8,106),(2218,'0:00',0,0,0,0,0,0,0,7,106),(2219,'0:00',0,0,0,0,0,0,0,6,106),(2220,'0:00',0,0,0,0,0,0,0,4,106),(2221,'0:00',0,0,0,0,0,0,0,3,106),(2222,'0:00',0,0,0,0,0,0,0,2,106),(2223,'0:00',0,0,0,0,0,0,0,15,106);
/*!40000 ALTER TABLE `rungtyniustatistikos` ENABLE KEYS */;
UNLOCK TABLES;

--
-- Table structure for table `users`
--

DROP TABLE IF EXISTS `users`;
/*!40101 SET @saved_cs_client     = @@character_set_client */;
/*!40101 SET character_set_client = utf8 */;
CREATE TABLE `users` (
  `Id` int(11) NOT NULL AUTO_INCREMENT,
  `Username` longtext DEFAULT NULL,
  `Password` longtext DEFAULT NULL,
  `Email` longtext DEFAULT NULL,
  `RoleID` int(11) NOT NULL,
  PRIMARY KEY (`Id`),
  KEY `IX_Users_RoleID` (`RoleID`),
  CONSTRAINT `FK_Users_Roles_RoleID` FOREIGN KEY (`RoleID`) REFERENCES `roles` (`ID`) ON DELETE CASCADE
) ENGINE=InnoDB AUTO_INCREMENT=15 DEFAULT CHARSET=utf8;
/*!40101 SET character_set_client = @saved_cs_client */;

--
-- Dumping data for table `users`
--

LOCK TABLES `users` WRITE;
/*!40000 ALTER TABLE `users` DISABLE KEYS */;
INSERT INTO `users` VALUES (1,'admin','admin','lukas7913@gmail.com',1),(12,'tomas','tomas','tomas@gmail.com',2),(13,'lukas','lukas','lukas@gmail.com',2),(14,'testuoju','lukas','testas@gmail.com',2);
/*!40000 ALTER TABLE `users` ENABLE KEYS */;
UNLOCK TABLES;

--
-- Table structure for table `zaidejai`
--

DROP TABLE IF EXISTS `zaidejai`;
/*!40101 SET @saved_cs_client     = @@character_set_client */;
/*!40101 SET character_set_client = utf8 */;
CREATE TABLE `zaidejai` (
  `ID` int(11) NOT NULL AUTO_INCREMENT,
  `Vardas` longtext DEFAULT NULL,
  `Kaina` double NOT NULL,
  `FotoPath` longtext DEFAULT NULL,
  `TotalPoints` int(11) NOT NULL,
  `TotalRebounds` int(11) NOT NULL,
  `TotalAssist` int(11) NOT NULL,
  `TotalBlocks` int(11) NOT NULL,
  `TotalTurnovers` int(11) NOT NULL,
  `TotalPersonalFouls` int(11) NOT NULL,
  `GamesPlayer` int(11) NOT NULL,
  `Position` int(11) NOT NULL,
  `KomandaID` int(11) NOT NULL,
  PRIMARY KEY (`ID`),
  KEY `IX_Zaidejai_KomandaID` (`KomandaID`),
  CONSTRAINT `FK_Zaidejai_Komandos_KomandaID` FOREIGN KEY (`KomandaID`) REFERENCES `komandos` (`ID`) ON DELETE CASCADE
) ENGINE=InnoDB AUTO_INCREMENT=518 DEFAULT CHARSET=utf8;
/*!40101 SET character_set_client = @saved_cs_client */;

--
-- Dumping data for table `zaidejai`
--

LOCK TABLES `zaidejai` WRITE;
/*!40000 ALTER TABLE `zaidejai` DISABLE KEYS */;
INSERT INTO `zaidejai` VALUES (1,'Jason Tatum',3500,'https://ak-static.cms.nba.com/wp-content/uploads/headshots/nba/1610612738/2020/260x190/1628369.png',172,45,40,13,8,5,7,0,1),(2,'Carsen Edwards',800,'https://ak-static.cms.nba.com/wp-content/uploads/headshots/nba/latest/1040x760/1629035.png',8,4,10,2,4,5,2,0,1),(3,'Tacko Fall',400,'https://ak-static.cms.nba.com/wp-content/uploads/headshots/nba/latest/1040x760/1629605.png',10,8,1,5,4,4,3,2,1),(4,'Javonte Green',500,'https://ak-static.cms.nba.com/wp-content/uploads/headshots/nba/latest/1040x760/1629750.png',13,5,8,2,3,5,3,0,1),(6,'Romeo Langford',2000,'https://ak-static.cms.nba.com/wp-content/uploads/headshots/nba/latest/1040x760/1629641.png',45,12,12,4,6,6,3,0,1),(7,'Semi Ojeleye',1800,'https://ak-static.cms.nba.com/wp-content/uploads/headshots/nba/latest/1040x760/1628400.png',26,21,10,5,4,2,3,1,1),(8,'Marcus Smart',200,'https://ak-static.cms.nba.com/wp-content/uploads/headshots/nba/latest/1040x760/203935.png',1,1,1,1,1,1,1,0,1),(9,'Jeff Teague',200,'https://ak-static.cms.nba.com/wp-content/uploads/headshots/nba/latest/1040x760/201952.png',1,1,1,1,1,1,1,0,1),(10,'Daniel Theis',800,'https://ak-static.cms.nba.com/wp-content/uploads/headshots/nba/1610612738/2020/260x190/1628464.png',11,8,1,2,3,3,2,2,1),(11,'Tristan Thompson',1100,'https://ak-static.cms.nba.com/wp-content/uploads/headshots/nba/latest/1040x760/202684.png',21,3,3,3,3,3,2,2,1),(12,'Kemba Walker',1800,'https://ak-static.cms.nba.com/wp-content/uploads/headshots/nba/latest/260x190/202689.png',32,3,3,4,1,4,2,0,1),(13,'Jaylen Brown',1600,'https://ak-static.cms.nba.com/wp-content/uploads/headshots/nba/latest/1040x760/1627759.png',28,4,4,4,4,4,2,1,1),(14,'Tremont Waters',700,'https://ak-static.cms.nba.com/wp-content/uploads/headshots/nba/latest/1040x760/1629682.png',1,8,9,3,2,3,2,0,1),(15,'Grant Williams',200,'https://ak-static.cms.nba.com/wp-content/uploads/headshots/nba/latest/1040x760/1629684.png',1,1,1,1,1,1,1,1,1),(16,'Robert Williams',1900,'https://ak-static.cms.nba.com/wp-content/uploads/headshots/nba/latest/1040x760/1629057.png',19,10,11,8,6,3,2,2,1),(17,'Jarrett Allen',1800,'https://ak-static.cms.nba.com/wp-content/uploads/headshots/nba/latest/260x190/1628386.png',67,75,6,12,12,11,7,2,2),(18,'Bruce Brown',300,'https://ak-static.cms.nba.com/wp-content/uploads/headshots/nba/latest/260x190/1628971.png',14,3,1,0,2,1,4,0,2),(19,'Chris Chiozza',600,'https://ak-static.cms.nba.com/wp-content/uploads/headshots/nba/latest/260x190/1629185.png',15,1,4,0,3,4,2,0,2),(21,'Spencer Dinwiddie',2900,'https://ak-static.cms.nba.com/wp-content/uploads/headshots/nba/latest/260x190/203915.png',21,24,11,4,1,1,2,0,2),(22,'Kevin Durant',3900,'https://ak-static.cms.nba.com/wp-content/uploads/headshots/nba/latest/260x190/201142.png',271,69,57,17,32,23,9,1,2),(23,'Jeff Green',400,'https://ak-static.cms.nba.com/wp-content/uploads/headshots/nba/latest/260x190/201145.png',31,10,6,1,2,11,7,2,2),(24,'Joe Harris',3000,'https://ak-static.cms.nba.com/wp-content/uploads/headshots/nba/latest/260x190/203925.png',97,21,29,11,4,3,5,1,2),(25,'Kyrie Irving',3300,'https://ak-static.cms.nba.com/wp-content/uploads/headshots/nba/latest/260x190/202681.png',161,31,38,2,13,15,6,0,2),(26,'Tyler Johnson',300,'https://ak-static.cms.nba.com/wp-content/uploads/headshots/nba/latest/260x190/204020.png',7,1,2,3,0,0,3,0,2),(27,'Deandre Jordan',900,'https://ak-static.cms.nba.com/wp-content/uploads/headshots/nba/latest/260x190/201599.png',30,50,11,10,14,18,7,2,2),(28,'Rodions Kurucs',600,'https://ak-static.cms.nba.com/wp-content/uploads/headshots/nba/latest/260x190/1629066.png',3,3,10,3,1,1,3,1,2),(29,'Caris LeVert',1900,'https://ak-static.cms.nba.com/wp-content/uploads/headshots/nba/latest/260x190/1627747.png',92,30,39,6,15,13,7,1,2),(32,'Taurean Prince',600,'https://ak-static.cms.nba.com/wp-content/uploads/headshots/nba/latest/260x190/1627752.png',42,19,1,4,6,15,7,1,2),(33,'Landry Shamet',400,'https://ak-static.cms.nba.com/wp-content/uploads/headshots/nba/latest/260x190/1629013.png',30,8,5,6,1,8,7,0,2),(34,'Julius Randle',2800,'https://ak-static.cms.nba.com/wp-content/uploads/headshots/nba/latest/260x190/203944.png',168,70,47,5,29,29,8,2,3),(35,'RJ Barrett',800,'https://ak-static.cms.nba.com/wp-content/uploads/headshots/nba/latest/260x190/1629628.png',19,50,23,1,15,17,7,0,3),(36,'Ignas Brazdeikis',300,'https://ak-static.cms.nba.com/wp-content/uploads/headshots/nba/latest/260x190/1629649.png',8,7,0,1,3,1,3,1,3),(37,'Reggie Bullock',300,'https://ak-static.cms.nba.com/wp-content/uploads/headshots/nba/latest/260x190/203493.png',24,27,10,3,7,22,7,1,3),(38,'Damyean Dotson',200,'https://ak-static.cms.nba.com/wp-content/uploads/headshots/nba/latest/260x190/1628422.png',1,1,1,1,1,1,1,0,7),(40,'Taj Gibson',600,'https://ak-static.cms.nba.com/wp-content/uploads/headshots/nba/latest/260x190/201959.png',4,7,3,4,0,5,2,2,3),(41,'Maurice Harkless',300,'https://images.ctfassets.net/u31h9rzvvynu/6NIDwBaVvnquGbCgeDgM6Y/28ccceffc392b3b1010fd15f521d4603/Harkless-Maurice-Headshot-1920.png',18,6,3,1,3,10,6,1,3),(42,'Jared Harper',300,'https://images.ctfassets.net/u31h9rzvvynu/2Iui3tdfJSCIAYqIepgtXU/b573f60849734a089fb3c8c81966cc6e/Harper-Jared-Headshot-1920.png',6,3,1,0,2,0,2,0,3),(43,'Kevin Knox',500,'https://ak-static.cms.nba.com/wp-content/uploads/headshots/nba/latest/260x190/1628995.png',21,25,9,5,10,11,7,1,3),(44,'Frank Ntilikina',600,'https://ak-static.cms.nba.com/wp-content/uploads/headshots/nba/latest/260x190/1628373.png',23,12,7,4,3,8,5,0,3),(45,'Elfrid Payton',1600,'https://ak-static.cms.nba.com/wp-content/uploads/headshots/nba/latest/260x190/203901.png',83,28,28,1,18,10,7,0,3),(46,'Theo Pinson',100,'https://images.ctfassets.net/u31h9rzvvynu/3hEYkfFn5gEbJN01WolOVV/800b421b296896b4dd21666d219d9584/Pinson-Theo-Headshot-1920.png',7,1,0,0,0,0,4,0,3),(47,'Bobby Portis',200,'https://ak-static.cms.nba.com/wp-content/uploads/headshots/nba/latest/260x190/1626171.png',1,1,1,1,1,1,1,1,10),(48,'Mitchell Robinson',1000,'https://ak-static.cms.nba.com/wp-content/uploads/headshots/nba/latest/260x190/1629011.png',31,58,3,11,7,20,7,2,3),(50,'Justin Anderson',300,'https://ak-static.cms.nba.com/wp-content/uploads/headshots/nba/latest/260x190/1626147.png',28,21,1,8,4,13,10,1,4),(51,'Tony Bradley',1000,'https://ak-static.cms.nba.com/wp-content/uploads/headshots/nba/latest/260x190/1628396.png',1,8,1,2,0,2,1,2,4),(52,'Seth Curry',2000,'https://ak-static.cms.nba.com/wp-content/uploads/headshots/nba/latest/260x190/203552.png',97,12,24,2,9,11,6,0,4),(53,'Joel Embiid',3600,'https://ak-static.cms.nba.com/wp-content/uploads/headshots/nba/latest/260x190/203954.png',125,63,14,7,14,11,5,2,4),(54,'Terrance Ferguson',300,'https://ak-static.cms.nba.com/wp-content/uploads/headshots/nba/latest/260x190/1628390.png',2,3,7,3,4,2,2,1,4),(55,'Danny Green',500,'https://ak-static.cms.nba.com/wp-content/uploads/headshots/nba/latest/260x190/201980.png',35,12,10,4,7,12,6,0,4),(56,'Tobias Harris',2600,'https://ak-static.cms.nba.com/wp-content/uploads/headshots/nba/latest/260x190/202699.png',113,51,19,9,13,12,6,1,4),(57,'Dwight Howard',400,'https://ak-static.cms.nba.com/wp-content/uploads/headshots/nba/latest/260x190/2730.png',34,28,3,4,13,18,6,2,4),(58,'Furkan Korkmaz',100,'https://ak-static.cms.nba.com/wp-content/uploads/headshots/nba/latest/260x190/1627788.png',2,6,3,2,6,2,3,0,4),(59,'Shake Milton',300,'https://ak-static.cms.nba.com/wp-content/uploads/headshots/nba/latest/260x190/1629003.png',14,12,14,2,6,14,6,0,4),(60,'Vincent Poirier',1300,'https://ak-static.cms.nba.com/wp-content/uploads/headshots/nba/latest/260x190/1629738.png',7,3,4,0,1,0,1,2,4),(61,'Mike Scott',200,'https://ak-static.cms.nba.com/wp-content/uploads/headshots/nba/latest/260x190/203118.png',1,1,1,1,1,1,1,1,4),(62,'Ben Simmons',2500,'https://ak-static.cms.nba.com/wp-content/uploads/headshots/nba/latest/260x190/1627732.png',81,59,43,9,22,17,6,0,4),(64,'OG Anunoby',700,'https://ak-static.cms.nba.com/wp-content/uploads/headshots/nba/latest/260x190/1628384.png',16,34,10,4,8,16,5,1,5),(65,'Aron Baynes',1200,'https://ak-static.cms.nba.com/wp-content/uploads/headshots/nba/latest/260x190/203382.png',37,31,4,1,0,5,5,2,5),(67,'Chris Boucher',1800,'https://ak-static.cms.nba.com/wp-content/uploads/headshots/nba/latest/260x190/1628449.png',67,30,4,11,4,17,5,2,5),(70,'Henry Ellenson',300,'https://ak-static.cms.nba.com/wp-content/uploads/headshots/nba/latest/260x190/1627740.png',13,6,1,0,0,1,5,2,5),(72,'Stanley Johnson',300,'https://ak-static.cms.nba.com/wp-content/uploads/headshots/nba/latest/260x190/1626169.png',7,13,3,1,1,5,4,1,5),(73,'Alex Len',600,'https://ak-static.cms.nba.com/wp-content/uploads/headshots/nba/latest/260x190/203458.png',15,8,2,4,5,4,3,2,5),(74,'Kyle Lowry',2400,'https://ak-static.cms.nba.com/wp-content/uploads/headshots/nba/latest/260x190/200768.png',94,22,41,0,18,18,5,0,5),(76,'Norman Powell',700,'https://ak-static.cms.nba.com/wp-content/uploads/headshots/nba/latest/260x190/1626181.png',47,8,4,2,5,11,5,0,5),(77,'Pascal Siakam',1900,'https://ak-static.cms.nba.com/wp-content/uploads/headshots/nba/latest/260x190/1627783.png',66,31,15,2,14,18,4,1,5),(78,'Matt Thomas',900,'https://ak-static.cms.nba.com/wp-content/uploads/headshots/nba/latest/260x190/1629744.png',21,5,5,0,1,2,3,0,5),(79,'Fred VanVleet',2700,'https://ak-static.cms.nba.com/wp-content/uploads/headshots/nba/latest/260x190/1627832.png',96,25,30,4,6,10,5,0,5),(80,'Yuta Watanabe',1100,'https://ak-static.cms.nba.com/wp-content/uploads/headshots/nba/latest/260x190/1629139.png',6,3,2,1,0,1,1,1,5),(81,'Paul Watson',600,'https://ak-static.cms.nba.com/wp-content/uploads/headshots/nba/latest/260x190/1628778.png',11,4,5,1,3,4,2,1,5),(82,'Ryan Arcidiacono',900,'https://ak-static.cms.nba.com/wp-content/uploads/headshots/nba/latest/260x190/1627853.png',10,6,4,0,0,2,2,0,6),(84,'Cristiano Felício',1400,'https://ak-static.cms.nba.com/wp-content/uploads/headshots/nba/latest/260x190/1626245.png',9,3,2,0,0,0,1,2,6),(85,'Daniel Gafford',800,'https://ak-static.cms.nba.com/wp-content/uploads/headshots/nba/latest/260x190/1629655.png',43,17,4,5,2,11,6,2,6),(86,'Chandler Hutchison',700,'https://ak-static.cms.nba.com/wp-content/uploads/headshots/nba/latest/260x190/1628990.png',13,17,4,0,3,7,4,1,6),(87,'Luke Kornet',600,'https://ak-static.cms.nba.com/wp-content/uploads/headshots/nba/latest/260x190/1628436.png',5,1,1,1,1,1,1,2,6),(88,'Zach LaVine',2400,'https://ak-static.cms.nba.com/wp-content/uploads/headshots/nba/latest/260x190/203897.png',172,33,26,4,30,22,7,0,6),(89,'Lauri Markkanen',600,'https://ak-static.cms.nba.com/wp-content/uploads/headshots/nba/latest/260x190/1628374.png',6,27,5,1,7,6,4,1,6),(90,'Adam Mokoka',600,'https://ak-static.cms.nba.com/wp-content/uploads/headshots/nba/latest/260x190/1629690.png',17,3,3,1,1,5,3,1,6),(91,'Zach Norvell',300,'https://ak-static.cms.nba.com/wp-content/uploads/headshots/nba/latest/260x190/1629668.png',10,5,3,0,3,4,3,0,6),(92,'Otto Porter',1900,'https://ak-static.cms.nba.com/wp-content/uploads/headshots/nba/latest/260x190/203490.png',104,43,14,0,10,14,7,1,6),(93,'Tomas Satoransky',1200,'https://ak-static.cms.nba.com/wp-content/uploads/headshots/nba/latest/260x190/203107.png',19,7,18,1,8,2,3,0,6),(94,'Garrett Temple',600,'https://ak-static.cms.nba.com/wp-content/uploads/headshots/nba/latest/260x190/202066.png',35,13,12,0,4,18,6,0,6),(95,'Denzel Valentine',500,'https://ak-static.cms.nba.com/wp-content/uploads/headshots/nba/latest/260x190/1627756.png',11,14,2,1,1,2,4,1,6),(96,'Coby White',1900,'https://ak-static.cms.nba.com/wp-content/uploads/headshots/nba/latest/260x190/1629632.png',110,33,38,1,23,16,7,0,6),(97,'Thaddeus Young',900,'https://ak-static.cms.nba.com/wp-content/uploads/headshots/nba/latest/260x190/201152.png',28,8,9,2,9,7,3,1,6),(98,'Marques Bolden',200,'https://ak-static.cms.nba.com/wp-content/uploads/headshots/nba/latest/260x190/1629716.png',1,1,1,1,1,1,1,2,7),(99,'Matthew Dellavedova',200,'https://ak-static.cms.nba.com/wp-content/uploads/headshots/nba/latest/260x190/203521.png',1,1,1,1,1,1,1,0,7),(100,'Damyean Dotson',2000,'https://ak-static.cms.nba.com/wp-content/uploads/headshots/nba/latest/260x190/1628422.png',1,1,1,1,1,1,1,0,7),(101,'Andre Drummond',200,'https://ak-static.cms.nba.com/wp-content/uploads/headshots/nba/latest/260x190/203083.png',1,1,1,1,1,1,1,2,7),(102,'Dante Exum',200,'https://ak-static.cms.nba.com/wp-content/uploads/headshots/nba/latest/260x190/203957.png',1,1,1,1,1,1,1,0,7),(103,'Darius Garland',200,'https://ak-static.cms.nba.com/wp-content/uploads/headshots/nba/latest/260x190/1629636.png',1,1,1,1,1,1,1,0,7),(104,'Kevin Love',200,'https://ak-static.cms.nba.com/wp-content/uploads/headshots/nba/latest/260x190/201567.png',1,1,1,1,1,1,1,2,7),(105,'Thon Maker',200,'https://ak-static.cms.nba.com/wp-content/uploads/headshots/nba/latest/260x190/1627748.png',1,1,1,1,1,1,1,2,7),(106,'JaVale McGee',200,'https://ak-static.cms.nba.com/wp-content/uploads/headshots/nba/latest/260x190/201580.png',1,1,1,1,1,1,1,2,7),(107,'Matt Mooney',200,'https://ak-static.cms.nba.com/wp-content/uploads/headshots/nba/latest/260x190/1629760.png',1,1,1,1,1,1,1,0,7),(109,'Cedi Osman',200,'https://ak-static.cms.nba.com/wp-content/uploads/headshots/nba/latest/260x190/1626224.png',1,1,1,1,1,1,1,1,7),(111,'Collin Sexton',200,'https://ak-static.cms.nba.com/wp-content/uploads/headshots/nba/latest/260x190/1629012.png',1,1,1,1,1,1,1,0,7),(112,'Dean Wade',200,'https://ak-static.cms.nba.com/wp-content/uploads/headshots/nba/latest/260x190/1629731.png',1,1,1,1,1,1,1,1,7),(113,'Sekou Doumbouya',200,'https://ak-static.cms.nba.com/wp-content/uploads/headshots/nba/latest/260x190/1629635.png',1,1,1,1,1,1,1,1,8),(114,'Wayne Ellington',2000,'https://ak-static.cms.nba.com/wp-content/uploads/headshots/nba/latest/260x190/201961.png',1,1,1,1,1,1,1,0,8),(115,'Jerami Grant',200,'https://ak-static.cms.nba.com/wp-content/uploads/headshots/nba/latest/260x190/203924.png',1,1,1,1,1,1,1,1,8),(116,'Blake Griffin',200,'https://ak-static.cms.nba.com/wp-content/uploads/headshots/nba/latest/260x190/201933.png',1,1,1,1,1,1,1,1,8),(117,'Josh Jackson',200,'https://ak-static.cms.nba.com/wp-content/uploads/headshots/nba/latest/260x190/1628367.png',1,1,1,1,1,1,1,1,8),(118,'Rodney McGruder',200,'https://ak-static.cms.nba.com/wp-content/uploads/headshots/nba/latest/260x190/203585.png',1,1,1,1,1,1,1,1,8),(119,'Dzanan Musa',200,'https://ak-static.cms.nba.com/wp-content/uploads/headshots/nba/latest/260x190/1629058.png',1,1,1,1,1,1,1,1,8),(120,'Sviatoslav Mykhailiuk',200,'https://ak-static.cms.nba.com/wp-content/uploads/headshots/nba/latest/260x190/1629004.png',1,1,1,1,1,1,1,1,8),(121,'Jahlil Okafor',200,'https://ak-static.cms.nba.com/wp-content/uploads/headshots/nba/latest/260x190/1626143.png',1,1,1,1,1,1,1,2,8),(122,'Mason Plumlee',200,'https://ak-static.cms.nba.com/wp-content/uploads/headshots/nba/latest/260x190/203486.png',1,1,1,1,1,1,1,2,8),(123,'Derrick Rose',200,'https://ak-static.cms.nba.com/wp-content/uploads/headshots/nba/latest/260x190/201565.png',1,1,1,1,1,1,1,0,8),(124,'Delon Wright',200,'https://ak-static.cms.nba.com/wp-content/uploads/headshots/nba/latest/260x190/1626153.png',1,1,1,1,1,1,1,0,8),(125,'Malcolm Brogdon',2000,'https://ak-static.cms.nba.com/wp-content/uploads/headshots/nba/latest/260x190/1627763.png',0,0,0,0,0,0,0,0,9),(126,'Justin Holiday',2000,'https://ak-static.cms.nba.com/wp-content/uploads/headshots/nba/latest/260x190/203200.png',0,0,0,0,0,0,0,1,9),(127,'Aaron Holiday',2000,'https://ak-static.cms.nba.com/wp-content/uploads/headshots/nba/latest/260x190/1628988.png',0,0,0,0,0,0,0,0,9),(128,'Jeremy Lamb',2000,'https://ak-static.cms.nba.com/wp-content/uploads/headshots/nba/latest/260x190/203087.png',0,0,0,0,0,0,0,0,9),(129,'Domantas Sabonis',2000,'https://ak-static.cms.nba.com/wp-content/uploads/headshots/nba/latest/260x190/1627734.png',0,0,0,0,0,0,0,1,9),(130,'Giannis Antetokounmpo',2000,'https://ak-static.cms.nba.com/wp-content/uploads/headshots/nba/latest/260x190/203507.png',0,0,0,0,0,0,0,1,10),(132,'Donte DiVincenzo',2000,'https://ak-static.cms.nba.com/wp-content/uploads/headshots/nba/latest/260x190/1628978.png',0,0,0,0,0,0,0,0,10),(133,'Jrue Holiday',2000,'https://ak-static.cms.nba.com/wp-content/uploads/headshots/nba/latest/260x190/201950.png',0,0,0,0,0,0,0,0,10),(134,'Khris Middleton',2000,'https://ak-static.cms.nba.com/wp-content/uploads/headshots/nba/latest/260x190/203114.png',0,0,0,0,0,0,0,1,10),(135,'Bogdan Bogdanović',2700,'https://ak-static.cms.nba.com/wp-content/uploads/headshots/nba/latest/260x190/203992.png',15,7,8,3,2,4,1,0,11),(137,'John Collins',2000,'https://ak-static.cms.nba.com/wp-content/uploads/headshots/nba/latest/260x190/1628381.png',0,0,0,0,0,0,0,1,11),(138,'Kris Dunn',2000,'https://ak-static.cms.nba.com/wp-content/uploads/headshots/nba/latest/260x190/1627739.png',0,0,0,0,0,0,0,0,11),(139,'Danilo Gallinari',2000,'https://ak-static.cms.nba.com/wp-content/uploads/headshots/nba/latest/260x190/201568.png',0,0,0,0,0,0,0,1,11),(140,'LaMelo Ball',2000,'https://ak-static.cms.nba.com/wp-content/uploads/headshots/nba/latest/260x190/1630163.png',0,0,0,0,0,0,0,0,12),(141,'Bismack Biyombo',2000,'https://ak-static.cms.nba.com/wp-content/uploads/headshots/nba/latest/260x190/202687.png',0,0,0,0,0,0,0,2,12),(142,'Miles Bridges',2000,'https://ak-static.cms.nba.com/wp-content/uploads/headshots/nba/latest/260x190/1628970.png',0,0,0,0,0,0,0,1,12),(143,'Devonte Graham',2000,'https://ak-static.cms.nba.com/wp-content/uploads/headshots/nba/latest/260x190/1628984.png',0,0,0,0,0,0,0,0,12),(144,'Gordan Hayward',2000,'https://ak-static.cms.nba.com/wp-content/uploads/headshots/nba/latest/260x190/202330.png',0,0,0,0,0,0,0,1,12),(145,'Bam Adebayo',2000,'https://ak-static.cms.nba.com/wp-content/uploads/headshots/nba/latest/260x190/1628389.png',0,0,0,0,0,0,0,2,13),(146,'Jimmy Butler',2000,'https://ak-static.cms.nba.com/wp-content/uploads/headshots/nba/latest/260x190/202710.png',0,0,0,0,0,0,0,1,13),(147,'Gordan Dragic',2000,'https://ak-static.cms.nba.com/wp-content/uploads/headshots/nba/latest/260x190/201609.png',0,0,0,0,0,0,0,0,13),(148,'Tyler Herro',2000,'https://ak-static.cms.nba.com/wp-content/uploads/headshots/nba/latest/260x190/1629639.png',0,0,0,0,0,0,0,0,13),(149,'Andre Iguodala',2000,'https://ak-static.cms.nba.com/wp-content/uploads/headshots/nba/latest/260x190/2738.png',0,0,0,0,0,0,0,0,13),(150,'Mo Bamba',2000,'https://www.nba.com/resources/static/team/v2/magic/roster-1628964.png',0,0,0,0,0,0,0,0,14),(151,'Evan Fournier',2000,'https://www.nba.com/resources/static/team/v2/magic/roster-203095.png',0,0,0,0,0,0,0,0,14),(152,'Markelle Fultz',2000,'https://www.nba.com/resources/static/team/v2/magic/roster-1628365.png',0,0,0,0,0,0,0,0,14),(155,'Nicola Vucevic',2000,'https://www.nba.com/resources/static/team/v2/magic/roster-202696.png',0,0,0,0,0,0,0,2,14),(156,'Terrence Ross',2000,'https://www.nba.com/resources/static/team/v2/magic/roster-203082.png',0,0,0,0,0,0,0,0,14),(157,'Bradley Beal',2000,'https://ak-static.cms.nba.com/wp-content/uploads/headshots/nba/latest/260x190/203078.png',0,0,0,0,0,0,0,0,15),(158,'Davis Bertans',2000,'https://ak-static.cms.nba.com/wp-content/uploads/headshots/nba/latest/260x190/202722.png',0,0,0,0,0,0,0,1,15),(159,'Issac Bonga',2000,'https://ak-static.cms.nba.com/wp-content/uploads/headshots/nba/latest/260x190/1629067.png',0,0,0,0,0,0,0,0,15),(160,'Russell Westbrook',2000,'https://ak-static.cms.nba.com/wp-content/uploads/headshots/nba/latest/260x190/201566.png',0,0,0,0,0,0,0,0,15),(161,'Robin Lopez',2000,'https://ak-static.cms.nba.com/wp-content/uploads/headshots/nba/latest/260x190/201577.png',0,0,0,0,0,0,0,2,15),(162,'Will Barton',2000,'https://ak-static.cms.nba.com/wp-content/uploads/headshots/nba/latest/260x190/203115.png',0,0,0,0,0,0,0,0,16),(163,'Bol Bol',2000,'https://ak-static.cms.nba.com/wp-content/uploads/headshots/nba/latest/260x190/1629626.png',0,0,0,0,0,0,0,2,16),(164,'RJ Hampton',2000,'https://ak-static.cms.nba.com/wp-content/uploads/headshots/nba/latest/260x190/1630181.png',0,0,0,0,0,0,0,0,16),(165,'Nikola Jokic',2000,'https://ak-static.cms.nba.com/wp-content/uploads/headshots/nba/latest/260x190/203999.png',0,0,0,0,0,0,0,2,16),(166,'Jamal Murray',2000,'https://ak-static.cms.nba.com/wp-content/uploads/headshots/nba/latest/260x190/1627750.png',0,0,0,0,0,0,0,0,16),(167,'Malik Beasley',2000,'https://ak-static.cms.nba.com/wp-content/uploads/headshots/nba/latest/260x190/1627736.png',0,0,0,0,0,0,0,0,17),(168,'Ed Davis',2000,'https://ak-static.cms.nba.com/wp-content/uploads/headshots/nba/latest/260x190/202334.png',0,0,0,0,0,0,0,2,17),(169,'Anthony Davis',2000,'https://ak-static.cms.nba.com/wp-content/uploads/headshots/nba/latest/260x190/1630162.png',0,0,0,0,0,0,0,0,17),(170,'Ricky Rubio',2000,'https://ak-static.cms.nba.com/wp-content/uploads/headshots/nba/latest/260x190/201937.png',0,0,0,0,0,0,0,0,17),(171,'DeAngelo Russell',2000,'https://ak-static.cms.nba.com/wp-content/uploads/headshots/nba/latest/260x190/1626156.png',0,0,0,0,0,0,0,0,17),(172,'Trevor Ariza',2000,'https://ak-static.cms.nba.com/wp-content/uploads/headshots/nba/latest/260x190/2772.png',0,0,0,0,0,0,0,1,18),(173,'Josh Hall',2000,'https://ak-static.cms.nba.com/wp-content/uploads/headshots/nba/latest/260x190/1630221.png',0,0,0,0,0,0,0,1,18),(174,'George Hill',2000,'https://ak-static.cms.nba.com/wp-content/uploads/headshots/nba/latest/260x190/201588.png',0,0,0,0,0,0,0,0,18),(175,'Al Horford',2000,'https://ak-static.cms.nba.com/wp-content/uploads/headshots/nba/latest/260x190/201143.png',0,0,0,0,0,0,0,2,18),(176,'Mike Muscala',2000,'https://ak-static.cms.nba.com/wp-content/uploads/headshots/nba/latest/260x190/203488.png',0,0,0,0,0,0,0,1,18),(177,'Carmelo Anthony',2000,'https://cdn.nba.com/headshots/nba/latest/1040x760/2546.png',0,0,0,0,0,0,0,1,19),(179,'Zack Collins',2000,'https://cdn.nba.com/headshots/nba/latest/1040x760/1628380.png',0,0,0,0,0,0,0,1,19),(180,'Robert Covington',2000,'https://cdn.nba.com/headshots/nba/latest/1040x760/203496.png',0,0,0,0,0,0,0,1,19),(181,'Damian Lillard',2000,'https://cdn.nba.com/headshots/nba/latest/1040x760/203081.png',0,0,0,0,0,0,0,0,19),(182,'Cj Mccollum',2000,'https://cdn.nba.com/headshots/nba/latest/1040x760/203468.png',0,0,0,0,0,0,0,0,19),(183,'Bojan Bogdanovic',2000,'https://ak-static.cms.nba.com/wp-content/uploads/headshots/nba/latest/260x190/202711.png',0,0,0,0,0,0,0,1,20),(184,'Mike Conley',2000,'https://ak-static.cms.nba.com/wp-content/uploads/headshots/nba/latest/260x190/201144.png',0,0,0,0,0,0,0,0,20),(185,'Rudy Gobert',2000,'https://ak-static.cms.nba.com/wp-content/uploads/headshots/nba/latest/260x190/203497.png',0,0,0,0,0,0,0,2,20),(186,'Joe Ingless',2000,'https://ak-static.cms.nba.com/wp-content/uploads/headshots/nba/latest/260x190/204060.png',0,0,0,0,0,0,0,1,20),(187,'Donovan Mitchell',2000,'https://ak-static.cms.nba.com/wp-content/uploads/headshots/nba/latest/260x190/1628378.png',0,0,0,0,0,0,0,0,20),(188,'Kent Bazemore',2000,'https://ak-static.cms.nba.com/wp-content/uploads/headshots/nba/latest/260x190/203145.png',0,0,0,0,0,0,0,0,21),(189,'Stephen Curry',2000,'https://ak-static.cms.nba.com/wp-content/uploads/headshots/nba/latest/260x190/201939.png',0,0,0,0,0,0,0,0,21),(190,'Draymond Green',2000,'https://ak-static.cms.nba.com/wp-content/uploads/headshots/nba/latest/260x190/203110.png',0,0,0,0,0,0,0,1,21),(191,'Eric Paschall',2000,'https://ak-static.cms.nba.com/wp-content/uploads/headshots/nba/latest/260x190/1629672.png',0,0,0,0,0,0,0,1,21),(192,'Andrew Wiggins',2000,'https://ak-static.cms.nba.com/wp-content/uploads/headshots/nba/latest/260x190/203952.png',0,0,0,0,0,0,0,1,21),(193,'Nicolas Batum',2000,'https://ak-static.cms.nba.com/wp-content/uploads/headshots/nba/latest/260x190/201587.png',0,0,0,0,0,0,0,0,22),(194,'Paul George',2000,'https://ak-static.cms.nba.com/wp-content/uploads/headshots/nba/latest/260x190/202331.png',0,0,0,0,0,0,0,1,22),(195,'Serge Ibaka',2000,'https://ak-static.cms.nba.com/wp-content/uploads/headshots/nba/latest/260x190/201586.png',0,0,0,0,0,0,0,1,22),(196,'Kawhi Leonard',2000,'https://ak-static.cms.nba.com/wp-content/uploads/headshots/nba/latest/260x190/202695.png',0,0,0,0,0,0,0,1,22),(197,'Ivica Zubac',2000,'https://ak-static.cms.nba.com/wp-content/uploads/headshots/nba/latest/260x190/1627826.png',0,0,0,0,0,0,0,2,22),(198,'Alex Caruso',2000,'https://ak-static.cms.nba.com/wp-content/uploads/headshots/nba/1610612747/2020/260x190/1627936.png',0,0,0,0,0,0,0,0,23),(199,'Anthony Davis',2000,'https://ak-static.cms.nba.com/wp-content/uploads/headshots/nba/latest/260x190/203076.png',0,0,0,0,0,0,0,1,23),(200,'Jared Dudley',2000,'https://ak-static.cms.nba.com/wp-content/uploads/headshots/nba/latest/260x190/201162.png',0,0,0,0,0,0,0,1,23),(201,'Marc Gasol',2000,'https://ak-static.cms.nba.com/wp-content/uploads/headshots/nba/1610612747/2020/260x190/201188.png',0,0,0,0,0,0,0,2,23),(202,'Lebron James',2000,'https://ak-static.cms.nba.com/wp-content/uploads/headshots/nba/latest/260x190/2544.png',0,0,0,0,0,0,0,1,23),(203,'Deandre Ayton',2000,'https://ak-static.cms.nba.com/wp-content/uploads/headshots/nba/latest/260x190/1629028.png',0,0,0,0,0,0,0,2,24),(204,'Devin Booker',2000,'https://ak-static.cms.nba.com/wp-content/uploads/headshots/nba/latest/260x190/1626164.png',0,0,0,0,0,0,0,0,24),(205,'Mikla Bridges',2000,'https://ak-static.cms.nba.com/wp-content/uploads/headshots/nba/latest/260x190/1628969.png',0,0,0,0,0,0,0,0,24),(206,'Jae Crowder',2000,'https://ak-static.cms.nba.com/wp-content/uploads/headshots/nba/latest/260x190/203109.png',0,0,0,0,0,0,0,1,24),(207,'Chris Paul',2000,'https://ak-static.cms.nba.com/wp-content/uploads/headshots/nba/latest/260x190/101108.png',0,0,0,0,0,0,0,0,24),(208,'Martin Bagley',2000,'https://ak-static.cms.nba.com/wp-content/uploads/headshots/nba/latest/260x190/1628963.png',0,0,0,0,0,0,0,0,25),(209,'Harrison Barnes',2000,'https://ak-static.cms.nba.com/wp-content/uploads/headshots/nba/latest/260x190/203084.png',0,0,0,0,0,0,0,1,25),(210,'DeAron Fox',2000,'https://ak-static.cms.nba.com/wp-content/uploads/headshots/nba/latest/260x190/1628368.png',0,0,0,0,0,0,0,0,25),(211,'Buddy Hield',2000,'https://ak-static.cms.nba.com/wp-content/uploads/headshots/nba/latest/260x190/1627741.png',0,0,0,0,0,0,0,0,25),(212,'Cory Joseph',2000,'https://ak-static.cms.nba.com/wp-content/uploads/headshots/nba/latest/260x190/202709.png',0,0,0,0,0,0,0,0,25),(218,'DeMarcus Cousins',2000,'https://ak-static.cms.nba.com/wp-content/uploads/headshots/nba/latest/260x190/202326.png',0,0,0,0,0,0,0,2,27),(219,'Eric Gordan',2000,'https://ak-static.cms.nba.com/wp-content/uploads/headshots/nba/latest/260x190/201569.png',0,0,0,0,0,0,0,0,27),(220,'James Harden',2000,'https://ak-static.cms.nba.com/wp-content/uploads/headshots/nba/latest/260x190/201935.png',0,0,0,0,0,0,0,0,27),(221,'Mason Jones',2000,'https://ak-static.cms.nba.com/wp-content/uploads/headshots/nba/latest/260x190/1630222.png',0,0,0,0,0,0,0,0,27),(222,'John Wall',2000,'https://ak-static.cms.nba.com/wp-content/uploads/headshots/nba/latest/260x190/202322.png',0,0,0,0,0,0,0,0,27),(223,'Grayson Allen',2000,'https://ak-static.cms.nba.com/wp-content/uploads/headshots/nba/latest/260x190/1628960.png',0,0,0,0,0,0,0,0,28),(224,'Kyle Anderson',2000,'https://ak-static.cms.nba.com/wp-content/uploads/headshots/nba/latest/260x190/203937.png',0,0,0,0,0,0,0,1,28),(225,'Dillion Brooks',2000,'https://ak-static.cms.nba.com/wp-content/uploads/headshots/nba/latest/260x190/1628415.png',0,0,0,0,0,0,0,0,28),(226,'Ja Morant',2000,'https://ak-static.cms.nba.com/wp-content/uploads/headshots/nba/latest/260x190/1629630.png',0,0,0,0,0,0,0,0,28),(227,'Jonas Valanciunas',2000,'https://ak-static.cms.nba.com/wp-content/uploads/headshots/nba/latest/260x190/202685.png',0,0,0,0,0,0,0,2,28),(229,'Steven Adams',2000,'https://ak-static.cms.nba.com/wp-content/uploads/headshots/nba/latest/260x190/203500.png',0,0,0,0,0,0,0,2,29),(230,'Lonzo Ball',2000,'https://ak-static.cms.nba.com/wp-content/uploads/headshots/nba/latest/260x190/1628366.png',0,0,0,0,0,0,0,0,29),(231,'Eric Bledsoe',2000,'https://ak-static.cms.nba.com/wp-content/uploads/headshots/nba/latest/260x190/202339.png',0,0,0,0,0,0,0,0,29),(233,'Josh Hart',2000,'https://ak-static.cms.nba.com/wp-content/uploads/headshots/nba/latest/260x190/1628404.png',0,0,0,0,0,0,0,0,29),(234,'Brandom Ingram',2000,'https://ak-static.cms.nba.com/wp-content/uploads/headshots/nba/latest/260x190/1627742.png',0,0,0,0,0,0,0,1,29),(235,'DeMar DeRozan',2000,'https://ak-static.cms.nba.com/wp-content/uploads/headshots/nba/latest/260x190/201942.png',0,0,0,0,0,0,0,0,30),(236,'Rudy Gay',2000,'https://ak-static.cms.nba.com/wp-content/uploads/headshots/nba/latest/260x190/200752.png',0,0,0,0,0,0,0,1,30),(238,'Trey Lyles',2000,'https://ak-static.cms.nba.com/wp-content/uploads/headshots/nba/latest/260x190/1626168.png',0,0,0,0,0,0,0,1,30),(239,'Patty Mills',2000,'https://ak-static.cms.nba.com/wp-content/uploads/headshots/nba/latest/260x190/201988.png',0,0,0,0,0,0,0,0,30),(240,'LaMarcus Aldridge',2000,'https://ak-static.cms.nba.com/wp-content/uploads/headshots/nba/latest/260x190/200746.png',0,0,0,0,0,0,0,2,30),(243,'Josh Richardson',2000,'https://cdn.nba.com/headshots/nba/latest/1040x760/1626196.png',0,0,0,0,0,0,0,0,26),(244,'Tyrell Terry',2000,'https://cdn.nba.com/headshots/nba/latest/1040x760/1630179.png',0,0,0,0,0,0,0,0,26),(245,'Tyler Bey',2000,'https://cdn.nba.com/headshots/nba/latest/1040x760/1630189.png',0,0,0,0,0,0,0,1,26),(246,'Trey Burke',2000,'https://cdn.nba.com/headshots/nba/latest/1040x760/203504.png',0,0,0,0,0,0,0,0,26),(247,'Kristaps Porzingis',2000,'https://cdn.nba.com/headshots/nba/latest/1040x760/204001.png',0,0,0,0,0,0,0,1,26),(248,'Dwight Powell',2000,'https://cdn.nba.com/headshots/nba/latest/1040x760/203939.png',0,0,0,0,0,0,0,1,26),(249,'Josh Green',2000,'https://cdn.nba.com/headshots/nba/latest/1040x760/1630182.png',0,0,0,0,0,0,0,0,26),(252,'Jalen Brunson',2000,'https://cdn.nba.com/headshots/nba/latest/1040x760/1628973.png',0,0,0,0,0,0,0,0,26),(253,'Nate Hinton',2000,'https://cdn.nba.com/headshots/nba/latest/1040x760/1630207.png',0,0,0,0,0,0,0,0,26),(254,'James Johnson',2000,'https://cdn.nba.com/headshots/nba/latest/1040x760/201949.png',0,0,0,0,0,0,0,1,26),(255,'Wes Iwundu',2000,'https://cdn.nba.com/headshots/nba/latest/1040x760/1628411.png',0,0,0,0,0,0,0,1,26),(257,'Jalen Lacque',2000,'https://cdn.nba.com/headshots/nba/latest/1040x760/1629665.png',0,0,0,0,0,0,0,0,9),(258,'TJ Warren',2000,'https://cdn.nba.com/headshots/nba/latest/1040x760/203933.png',0,0,0,0,0,0,0,1,9),(259,'Cassius Stanley',2000,'https://cdn.nba.com/headshots/nba/latest/1040x760/1630199.png',0,0,0,0,0,0,0,0,9),(260,'Victor Oladipo',2000,'https://cdn.nba.com/headshots/nba/latest/1040x760/203506.png',0,0,0,0,0,0,0,0,9),(261,'Edmond Sumner',2000,'https://cdn.nba.com/headshots/nba/latest/1040x760/1628410.png',0,0,0,0,0,0,0,0,9),(262,'TJ McConnell',2000,'https://cdn.nba.com/headshots/nba/latest/1040x760/204456.png',0,0,0,0,0,0,0,0,9),(263,'Brian Bowen',2000,'https://cdn.nba.com/headshots/nba/latest/1040x760/1628968.png',0,0,0,0,0,0,0,1,9),(264,'JaKarr Sampson',2000,'https://cdn.nba.com/headshots/nba/latest/1040x760/203960.png',0,0,0,0,0,0,0,1,9),(265,'Doug McDermott',2000,'https://cdn.nba.com/headshots/nba/latest/1040x760/203926.png',0,0,0,0,0,0,0,1,9),(266,'Kelan Martin',2000,'https://cdn.nba.com/headshots/nba/latest/1040x760/1629103.png',0,0,0,0,0,0,0,1,9),(267,'Myles Turner',2000,'https://cdn.nba.com/headshots/nba/latest/1040x760/1626167.png',0,0,0,0,0,0,0,2,9),(268,'Goga Bitadze',2000,'https://cdn.nba.com/headshots/nba/latest/1040x760/1629048.png',0,0,0,0,0,0,0,2,9),(269,'Torrey Craig',2000,'https://cdn.nba.com/headshots/nba/latest/1040x760/1628470.png',0,0,0,0,0,0,0,1,10),(270,'DJ Wilson',2000,'https://cdn.nba.com/headshots/nba/latest/1040x760/1628391.png',0,0,0,0,0,0,0,1,10),(271,'Jaylen Adams',2000,'https://cdn.nba.com/headshots/nba/latest/1040x760/1629121.png',0,0,0,0,0,0,0,0,10),(272,'Bryn Forbes',2000,'https://cdn.nba.com/headshots/nba/latest/1040x760/1627854.png',0,0,0,0,0,0,0,0,10),(273,'Brook Lopez',2000,'https://cdn.nba.com/headshots/nba/latest/1040x760/201572.png',0,0,0,0,0,0,0,2,10),(274,'Jordan Nwora',2000,'https://cdn.nba.com/headshots/nba/latest/1040x760/1629670.png',0,0,0,0,0,0,0,1,10),(275,'Sam Merrill',2000,'https://cdn.nba.com/headshots/nba/latest/1040x760/1630241.png',0,0,0,0,0,0,0,0,10),(276,'Pat Connaugton',2000,'https://cdn.nba.com/headshots/nba/latest/1040x760/1626192.png',0,0,0,0,0,0,0,0,10),(277,'Mamadi Diakite',2000,'https://cdn.nba.com/headshots/nba/latest/1040x760/1629603.png',0,0,0,0,0,0,0,1,10),(278,'Thanasis Antetokounmpo',2000,'https://cdn.nba.com/headshots/nba/latest/1040x760/203648.png',0,0,0,0,0,0,0,1,10),(279,'Brandon Goodwin',2000,'https://cdn.nba.com/headshots/nba/latest/1040x760/1629164.png',0,0,0,0,0,0,0,0,11),(280,'Nathan Knight',2000,'https://cdn.nba.com/headshots/nba/latest/1040x760/1630233.png',0,0,0,0,0,0,0,1,11),(281,'Kevin Huerter',2000,'https://cdn.nba.com/headshots/nba/latest/1040x760/1628989.png',0,0,0,0,0,0,0,0,11),(282,'Skylar Mays',2000,'https://cdn.nba.com/headshots/nba/latest/1040x760/1630219.png',0,0,0,0,0,0,0,0,11),(283,'Rajon Rondo',2000,'https://cdn.nba.com/headshots/nba/latest/1040x760/200765.png',0,0,0,0,0,0,0,0,11),(284,'Trae Young',2000,'https://cdn.nba.com/headshots/nba/latest/1040x760/1629027.png',0,0,0,0,0,0,0,0,11),(285,'DeAndre Hunter',2000,'https://cdn.nba.com/headshots/nba/latest/1040x760/1629631.png',0,0,0,0,0,0,0,1,11),(286,'Clint Capela',2000,'https://cdn.nba.com/headshots/nba/latest/1040x760/203991.png',0,0,0,0,0,0,0,2,11),(287,'Onyeka Okongwu',2000,'https://cdn.nba.com/headshots/nba/latest/1040x760/1630168.png',0,0,0,0,0,0,0,1,11),(288,'Solomon Hill',2000,'https://cdn.nba.com/headshots/nba/latest/1040x760/203524.png',0,0,0,0,0,0,0,1,11),(289,'Tony Snell',2000,'https://cdn.nba.com/headshots/nba/latest/1040x760/203503.png',0,0,0,0,0,0,0,0,8),(290,'Cam Reddish',2000,'https://cdn.nba.com/headshots/nba/latest/1040x760/1629629.png',0,0,0,0,0,0,0,1,11),(291,'Bruno Fernando',2000,'https://cdn.nba.com/headshots/nba/latest/1040x760/1628981.png',0,0,0,0,0,0,0,1,11),(294,'Dennis Smith',800,'https://cdn.nba.com/headshots/nba/latest/1040x760/1628372.png',7,10,9,0,2,6,2,0,3),(295,'Wendell Carter',1600,'https://ak-static.cms.nba.com/wp-content/uploads/headshots/nba/latest/260x190/1628976.png',82,54,16,4,13,26,7,0,6),(296,'Kevin Porter',2000,'https://cdn.nba.com/headshots/nba/latest/1040x760/1629645.png',0,0,0,0,0,0,0,0,7),(297,'Larry Nance',2000,'https://cdn.nba.com/headshots/nba/latest/1040x760/1626204.png',0,0,0,0,0,0,0,0,7),(298,'DJ Augustin',2000,'https://ak-static.cms.nba.com/wp-content/uploads/headshots/nba/latest/260x190/201571.png',0,0,0,0,0,0,0,0,10),(299,'Tim Hardaway',2000,'https://cdn.nba.com/headshots/nba/latest/1040x760/203501.png',0,0,0,0,0,0,0,0,26),(300,'Dorian Smith',2000,'https://cdn.nba.com/headshots/nba/latest/1040x760/1627827.png',0,0,0,0,0,0,0,1,26),(301,'Willie Stein',2000,'https://cdn.nba.com/headshots/nba/latest/1040x760/1626161.png',0,0,0,0,0,0,0,2,26),(302,'Malik Monk',2000,'https://cdn.nba.com/headshots/nba/latest/1040x760/1628370.png',0,0,0,0,0,0,0,0,12),(303,'Terry Rozier',2000,'https://cdn.nba.com/headshots/nba/latest/1040x760/1626179.png',0,0,0,0,0,0,0,0,12),(304,'Jalen McDaniels',2000,'https://cdn.nba.com/headshots/nba/latest/1040x760/1629667.png',0,0,0,0,0,0,0,1,12),(305,'Grant Riller',2000,'https://cdn.nba.com/headshots/nba/latest/1040x760/1630203.png',0,0,0,0,0,0,0,0,12),(306,'Caleb Martin',2000,'https://cdn.nba.com/headshots/nba/latest/1040x760/1628997.png',0,0,0,0,0,0,0,1,12),(307,'Cody Martin',2000,'https://cdn.nba.com/headshots/nba/latest/1040x760/1628998.png',0,0,0,0,0,0,0,1,12),(308,'Nick Richards',2000,'https://cdn.nba.com/headshots/nba/latest/1040x760/1630208.png',0,0,0,0,0,0,0,2,12),(309,'Vernon Carey',2000,'https://cdn.nba.com/headshots/nba/latest/1040x760/1630176.png',0,0,0,0,0,0,0,1,12),(310,'PJ Washington',2000,'https://cdn.nba.com/headshots/nba/latest/1040x760/1629023.png',0,0,0,0,0,0,0,1,12),(311,'Cody Zeller',2000,'https://cdn.nba.com/headshots/nba/latest/1040x760/203469.png',0,0,0,0,0,0,0,1,12),(312,'Mayers Leonard',2000,'https://ak-static.cms.nba.com/wp-content/uploads/headshots/nba/1610612748/2020/260x190/203086.png',0,0,0,0,0,0,0,1,13),(313,'Gabe Vincent',2000,'https://ak-static.cms.nba.com/wp-content/uploads/headshots/nba/1610612748/2020/260x190/1629216.png',0,0,0,0,0,0,0,0,13),(314,'KZ Okpala',2000,'https://ak-static.cms.nba.com/wp-content/uploads/headshots/nba/1610612748/2020/260x190/1629644.png',0,0,0,0,0,0,0,1,13),(315,'Precious Achiuwa',2000,'https://ak-static.cms.nba.com/wp-content/uploads/headshots/nba/1610612748/2020/260x190/1630173.png',0,0,0,0,0,0,0,1,13),(316,'Kelly Olynyk',2000,'https://ak-static.cms.nba.com/wp-content/uploads/headshots/nba/1610612748/2020/260x190/203482.png',0,0,0,0,0,0,0,1,13),(317,'Avery Bradley',2000,'https://ak-static.cms.nba.com/wp-content/uploads/headshots/nba/1610612748/2020/260x190/202340.png',0,0,0,0,0,0,0,0,13),(318,'Kendrick Nunn',2000,'https://ak-static.cms.nba.com/wp-content/uploads/headshots/nba/1610612748/2020/260x190/1629134.png',0,0,0,0,0,0,0,0,13),(320,'Chris Silva',2000,'https://ak-static.cms.nba.com/wp-content/uploads/headshots/nba/1610612748/2020/260x190/1629735.png',0,0,0,0,0,0,0,1,13),(321,'Max Strus',2000,'https://ak-static.cms.nba.com/wp-content/uploads/headshots/nba/1610612748/2020/260x190/1629622.png',0,0,0,0,0,0,0,0,13),(322,'Udonis Haslem',2000,'https://ak-static.cms.nba.com/wp-content/uploads/headshots/nba/1610612748/2020/260x190/2617.png',0,0,0,0,0,0,0,1,13),(323,'Duncan Robinson',2000,'https://ak-static.cms.nba.com/wp-content/uploads/headshots/nba/1610612748/2020/260x190/1629130.png',0,0,0,0,0,0,0,1,13),(324,'Aaron Gordan',2000,'https://ak-static.cms.nba.com/wp-content/uploads/headshots/nba/1610612753/2020/260x190/203932.png',0,0,0,0,0,0,0,1,14),(325,'Jonathan Issac',2000,'https://ak-static.cms.nba.com/wp-content/uploads/headshots/nba/latest/260x190/1628371.png',0,0,0,0,0,0,0,1,14),(326,'Farouq Aminu',2000,'https://ak-static.cms.nba.com/wp-content/uploads/headshots/nba/latest/260x190/202329.png',0,0,0,0,0,0,0,1,14),(327,'Chuma Okeke',2000,'https://ak-static.cms.nba.com/wp-content/uploads/headshots/nba/1610612753/2020/260x190/1629643.png',0,0,0,0,0,0,0,1,14),(328,'Karim Mane',2000,'https://ak-static.cms.nba.com/wp-content/uploads/headshots/nba/1610612753/2020/260x190/1630211.png',0,0,0,0,0,0,0,0,14),(329,'Mo Bamba',2000,'https://ak-static.cms.nba.com/wp-content/uploads/headshots/nba/latest/260x190/1628964.png',0,0,0,0,0,0,0,0,14),(330,'Micheal Williams',2000,'https://ak-static.cms.nba.com/wp-content/uploads/headshots/nba/1610612753/2020/260x190/203487.png',0,0,0,0,0,0,0,0,14),(331,'Dwayne Bacon',2000,'https://ak-static.cms.nba.com/wp-content/uploads/headshots/nba/1610612753/2020/260x190/1628407.png',0,0,0,0,0,0,0,0,14),(332,'James Ennis',2000,'https://ak-static.cms.nba.com/wp-content/uploads/headshots/nba/latest/260x190/203516.png',0,0,0,0,0,0,0,1,14),(333,'Gary Clark',2000,'https://ak-static.cms.nba.com/wp-content/uploads/headshots/nba/latest/260x190/1629109.png',0,0,0,0,0,0,0,1,14),(334,'Jordan Bone',2000,'https://ak-static.cms.nba.com/wp-content/uploads/headshots/nba/1610612753/2020/260x190/1629648.png',0,0,0,0,0,0,0,0,14),(335,'Khem Birch',2000,'https://ak-static.cms.nba.com/wp-content/uploads/headshots/nba/latest/260x190/203920.png',0,0,0,0,0,0,0,2,14),(336,'Cole Anthony',2000,'https://ak-static.cms.nba.com/wp-content/uploads/headshots/nba/1610612753/2020/260x190/1630175.png',0,0,0,0,0,0,0,0,14),(337,'Cassius Winston',2000,'https://ak-static.cms.nba.com/wp-content/uploads/headshots/nba/1610612764/2020/260x190/1630216.png',0,0,0,0,0,0,0,0,15),(338,'Troy Brown',2000,'https://ak-static.cms.nba.com/wp-content/uploads/headshots/nba/1610612764/2020/260x190/1628972.png',0,0,0,0,0,0,0,0,15),(339,'Rui Hachimura',2000,'https://ak-static.cms.nba.com/wp-content/uploads/headshots/nba/1610612764/2020/260x190/1629060.png',0,0,0,0,0,0,0,1,15),(340,'Deni Avdija',2000,'https://ak-static.cms.nba.com/wp-content/uploads/headshots/nba/1610612764/2020/260x190/1630166.png',0,0,0,0,0,0,0,1,15),(341,'Jerome Robinson',2000,'https://ak-static.cms.nba.com/wp-content/uploads/headshots/nba/1610612764/2020/260x190/1629010.png',0,0,0,0,0,0,0,0,15),(342,'Thomas Bryant',2000,'https://ak-static.cms.nba.com/wp-content/uploads/headshots/nba/latest/260x190/1628418.png',0,0,0,0,0,0,0,2,15),(343,'Ish Smith',2000,'https://ak-static.cms.nba.com/wp-content/uploads/headshots/nba/1610612764/2020/260x190/202397.png',0,0,0,0,0,0,0,0,15),(344,'Anthony Gill',2000,'https://ak-static.cms.nba.com/wp-content/uploads/headshots/nba/1610612764/2020/260x190/1630264.png',0,0,0,0,0,0,0,1,15),(345,'Anzejs Pasecniks',2000,'https://ak-static.cms.nba.com/wp-content/uploads/headshots/nba/1610612764/2020/260x190/1628394.png',0,0,0,0,0,0,0,2,15),(346,'Raul Neto',2000,'https://ak-static.cms.nba.com/wp-content/uploads/headshots/nba/1610612764/2020/260x190/203526.png',0,0,0,0,0,0,0,0,15),(347,'Moritz Wagner',2000,'https://ak-static.cms.nba.com/wp-content/uploads/headshots/nba/1610612764/2020/260x190/1629021.png',0,0,0,0,0,0,0,1,15),(348,'Garrison Mathews',2000,'https://ak-static.cms.nba.com/wp-content/uploads/headshots/nba/1610612764/2020/260x190/1629726.png',0,0,0,0,0,0,0,0,15),(349,'Markus Howard',2000,'https://ak-static.cms.nba.com/wp-content/uploads/headshots/nba/1610612743/2020/260x190/1630210.png',0,0,0,0,0,0,0,0,16),(350,'Micheal Porter',2000,'https://ak-static.cms.nba.com/wp-content/uploads/headshots/nba/1610612743/2020/260x190/1629008.png',0,0,0,0,0,0,0,1,16),(351,'Greg Whittington',2000,'https://ak-static.cms.nba.com/wp-content/uploads/headshots/nba/1610612743/2020/260x190/204222.png',0,0,0,0,0,0,0,1,16),(352,'Paul Millsap',2000,'https://ak-static.cms.nba.com/wp-content/uploads/headshots/nba/1610612743/2020/260x190/200794.png',0,0,0,0,0,0,0,1,16),(353,'JaMychal Green',2000,'https://ak-static.cms.nba.com/wp-content/uploads/headshots/nba/1610612743/2020/260x190/203210.png',0,0,0,0,0,0,0,1,16),(354,'Facundo Campazzo',2000,'https://ak-static.cms.nba.com/wp-content/uploads/headshots/nba/1610612743/2020/260x190/1630267.png',0,0,0,0,0,0,0,0,16),(355,'Monte Morris',2000,'https://ak-static.cms.nba.com/wp-content/uploads/headshots/nba/1610612743/2020/260x190/1628420.png',0,0,0,0,0,0,0,0,16),(356,'Gary Harris',2000,'https://ak-static.cms.nba.com/wp-content/uploads/headshots/nba/1610612743/2020/260x190/203914.png',0,0,0,0,0,0,0,0,16),(357,'Zeke Nnaji',2000,'https://ak-static.cms.nba.com/wp-content/uploads/headshots/nba/1610612743/2020/260x190/1630192.png',0,0,0,0,0,0,0,1,16),(358,'Isaiah Hartenstein',2000,'https://ak-static.cms.nba.com/wp-content/uploads/headshots/nba/1610612743/2020/260x190/1628392.png',0,0,0,0,0,0,0,2,16),(359,'Vlatko Cancar',2000,'https://ak-static.cms.nba.com/wp-content/uploads/headshots/nba/1610612743/2020/260x190/1628427.png',0,0,0,0,0,0,0,1,16),(360,'PJ Dozier',2000,'https://ak-static.cms.nba.com/wp-content/uploads/headshots/nba/1610612743/2020/260x190/1628408.png',0,0,0,0,0,0,0,0,16),(367,'Anthony Edwards',2000,'https://ak-static.cms.nba.com/wp-content/uploads/headshots/nba/1610612750/2020/260x190/1630162.png',0,0,0,0,0,0,0,0,17),(368,'Jaylen Nowell',2000,'https://ak-static.cms.nba.com/wp-content/uploads/headshots/nba/1610612750/2020/260x190/1629669.png',0,0,0,0,0,0,0,0,17),(369,'Jordan McLaughlin',2000,'https://ak-static.cms.nba.com/wp-content/uploads/headshots/nba/latest/260x190/1629162.png',0,0,0,0,0,0,0,0,17),(370,'Jarred Vanderbilt',2000,'https://ak-static.cms.nba.com/wp-content/uploads/headshots/nba/1610612750/2020/260x190/1629020.png',0,0,0,0,0,0,0,1,17),(371,'Jake Layman',2000,'https://ak-static.cms.nba.com/wp-content/uploads/headshots/nba/1610612750/2020/260x190/1627774.png',0,0,0,0,0,0,0,1,17),(372,'Naz Reid',2000,'https://ak-static.cms.nba.com/wp-content/uploads/headshots/nba/latest/260x190/1629675.png',0,0,0,0,0,0,0,2,17),(373,'Josh Okogie',2000,'https://ak-static.cms.nba.com/wp-content/uploads/headshots/nba/1610612750/2020/260x190/1629006.png',0,0,0,0,0,0,0,0,17),(374,'Ashton Hagans',2000,'https://ak-static.cms.nba.com/wp-content/uploads/headshots/nba/1610612750/2020/260x190/1630204.png',0,0,0,0,0,0,0,0,17),(375,'Jarrett Culver',2000,'https://ak-static.cms.nba.com/wp-content/uploads/headshots/nba/1610612750/2020/260x190/1629633.png',0,0,0,0,0,0,0,0,17),(376,'Karl Anthony',2000,'https://ak-static.cms.nba.com/wp-content/uploads/headshots/nba/1610612750/2020/260x190/1626157.png',0,0,0,0,0,0,0,2,17),(377,'Juancho Hernangomez',2000,'https://ak-static.cms.nba.com/wp-content/uploads/headshots/nba/1610612750/2020/260x190/1627823.png',0,0,0,0,0,0,0,1,17),(378,'Shai Alexender',2000,'https://ak-static.cms.nba.com/wp-content/uploads/headshots/nba/1610612760/2020/260x190/1628983.png',0,0,0,0,0,0,0,0,18),(379,'Luguentz Dort',2000,'https://ak-static.cms.nba.com/wp-content/uploads/headshots/nba/1610612760/2020/260x190/1629652.png',0,0,0,0,0,0,0,0,18),(380,'Hamidou Diallo',2000,'https://ak-static.cms.nba.com/wp-content/uploads/headshots/nba/1610612760/2020/260x190/1628977.png',0,0,0,0,0,0,0,0,18),(381,'Darius Bazley',2000,'https://ak-static.cms.nba.com/wp-content/uploads/headshots/nba/1610612760/2020/260x190/1629647.png',0,0,0,0,0,0,0,1,18),(382,'Moses Brown',2000,'https://ak-static.cms.nba.com/wp-content/uploads/headshots/nba/1610612760/2020/260x190/1629650.png',0,0,0,0,0,0,0,2,18),(383,'Theo Maledon',2000,'https://ak-static.cms.nba.com/wp-content/uploads/headshots/nba/1610612760/2020/260x190/1630177.png',0,0,0,0,0,0,0,0,18),(384,'Darius Miller',2000,'https://ak-static.cms.nba.com/wp-content/uploads/headshots/nba/1610612760/2020/260x190/203121.png',0,0,0,0,0,0,0,1,18),(385,'Ty Jerome',2000,'https://ak-static.cms.nba.com/wp-content/uploads/headshots/nba/1610612760/2020/260x190/1629660.png',0,0,0,0,0,0,0,0,18),(386,'Aleksej Pokusevsk',2000,'https://ak-static.cms.nba.com/wp-content/uploads/headshots/nba/1610612760/2020/260x190/1630197.png',0,0,0,0,0,0,0,2,18),(387,'Isaiah Roby',2000,'https://ak-static.cms.nba.com/wp-content/uploads/headshots/nba/1610612760/2020/260x190/1629676.png',0,0,0,0,0,0,0,0,18),(388,'Anfernee Simons',2000,'https://ak-static.cms.nba.com/wp-content/uploads/headshots/nba/1610612757/2020/260x190/1629014.png',0,0,0,0,0,0,0,0,19),(389,'Gary Trent',2000,'https://ak-static.cms.nba.com/wp-content/uploads/headshots/nba/1610612757/2020/260x190/1629018.png',0,0,0,0,0,0,0,0,19),(390,'Harry Giles',2000,'https://ak-static.cms.nba.com/wp-content/uploads/headshots/nba/1610612757/2020/260x190/1628385.png',0,0,0,0,0,0,0,1,19),(391,'Rodney Hood',2000,'https://ak-static.cms.nba.com/wp-content/uploads/headshots/nba/1610612757/2020/260x190/203918.png',0,0,0,0,0,0,0,0,19),(392,'Nassir Little',2000,'https://ak-static.cms.nba.com/wp-content/uploads/headshots/nba/latest/260x190/1629642.png',0,0,0,0,0,0,0,1,19),(393,'Enes Kanter',2000,'https://ak-static.cms.nba.com/wp-content/uploads/headshots/nba/1610612757/2020/260x190/202683.png',0,0,0,0,0,0,0,2,19),(394,'Keljin Blevins',2000,'https://ak-static.cms.nba.com/wp-content/uploads/headshots/nba/1610612757/2020/260x190/1629833.png',0,0,0,0,0,0,0,0,19),(395,'Jusuf Nurkic',2000,'https://ak-static.cms.nba.com/wp-content/uploads/headshots/nba/1610612757/2020/260x190/203994.png',0,0,0,0,0,0,0,2,19),(396,'Derrick Jones',2000,'https://ak-static.cms.nba.com/wp-content/uploads/headshots/nba/1610612757/2020/260x190/1627884.png',0,0,0,0,0,0,0,1,19),(397,'Jordan Clarkson',2000,'https://ak-static.cms.nba.com/wp-content/uploads/headshots/nba/1610612762/2020/260x190/203903.png',0,0,0,0,0,0,0,0,20),(398,'Trent Forrest',2000,'https://ak-static.cms.nba.com/wp-content/uploads/headshots/nba/1610612762/2020/260x190/1630235.png',0,0,0,0,0,0,0,0,20),(399,'Jarrell Brantley',2000,'https://ak-static.cms.nba.com/wp-content/uploads/headshots/nba/1610612762/2020/260x190/1629714.png',0,0,0,0,0,0,0,1,20),(400,'Shaquille Harrison',2000,'https://ak-static.cms.nba.com/wp-content/uploads/headshots/nba/1610612762/2020/260x190/1627885.png',0,0,0,0,0,0,0,0,20),(401,'Derrick Favors',2000,'https://ak-static.cms.nba.com/wp-content/uploads/headshots/nba/1610612762/2020/260x190/202324.png',0,0,0,0,0,0,0,1,20),(402,'Juwan Morgan',2000,'https://ak-static.cms.nba.com/wp-content/uploads/headshots/nba/1610612762/2020/260x190/1629752.png',0,0,0,0,0,0,0,1,20),(403,'Udoka Azubuike',2000,'https://ak-static.cms.nba.com/wp-content/uploads/headshots/nba/1610612762/2020/260x190/1628962.png',0,0,0,0,0,0,0,2,20),(404,'Royce ONeale',2000,'https://ak-static.cms.nba.com/wp-content/uploads/headshots/nba/1610612762/2020/260x190/1626220.png',0,0,0,0,0,0,0,1,20),(405,'Georges Niang',2000,'https://ak-static.cms.nba.com/wp-content/uploads/headshots/nba/1610612762/2020/260x190/1627777.png',0,0,0,0,0,0,0,1,20),(406,'Miye Oni',2000,'https://ak-static.cms.nba.com/wp-content/uploads/headshots/nba/1610612762/2020/260x190/1629671.png',0,0,0,0,0,0,0,0,20),(407,'Damion Lee',2000,'https://ak-static.cms.nba.com/wp-content/uploads/headshots/nba/1610612744/2020/260x190/1627814.png',0,0,0,0,0,0,0,0,21),(408,'Nico Mannion',2000,'https://ak-static.cms.nba.com/wp-content/uploads/headshots/nba/1610612744/2020/260x190/1630185.png',0,0,0,0,0,0,0,0,21),(409,'Jordan Poole',2000,'https://ak-static.cms.nba.com/wp-content/uploads/headshots/nba/1610612744/2020/260x190/1629673.png',0,0,0,0,0,0,0,0,21),(410,'Kevon Looney',2000,'https://ak-static.cms.nba.com/wp-content/uploads/headshots/nba/1610612744/2020/260x190/1626172.png',0,0,0,0,0,0,0,1,21),(411,'Alen Smailagic',2000,'https://ak-static.cms.nba.com/wp-content/uploads/headshots/nba/1610612744/2020/260x190/1629346.png',0,0,0,0,0,0,0,1,21),(412,'Brad Wanamaker',2000,'https://ak-static.cms.nba.com/wp-content/uploads/headshots/nba/1610612744/2020/260x190/202954.png',0,0,0,0,0,0,0,0,21),(413,'Klay Thompson',2000,'https://ak-static.cms.nba.com/wp-content/uploads/headshots/nba/latest/260x190/202691.png',0,0,0,0,0,0,0,0,21),(414,'Kelly Oubre',2000,'https://ak-static.cms.nba.com/wp-content/uploads/headshots/nba/1610612744/2020/260x190/1626162.png',0,0,0,0,0,0,0,1,21),(415,'Mychal Mulder',2000,'https://ak-static.cms.nba.com/wp-content/uploads/headshots/nba/1610612744/2020/260x190/1628539.png',0,0,0,0,0,0,0,0,21),(416,'Marquess Chriss',2000,'https://ak-static.cms.nba.com/wp-content/uploads/headshots/nba/1610612744/2020/260x190/1627737.png',0,0,0,0,0,0,0,1,21),(417,'James Wiseman',2000,'https://ak-static.cms.nba.com/wp-content/uploads/headshots/nba/1610612744/2020/260x190/1630164.png',0,0,0,0,0,0,0,2,21),(418,'Reggie Jackson',2000,'https://ak-static.cms.nba.com/wp-content/uploads/headshots/nba/1610612746/2020/260x190/202704.png',0,0,0,0,0,0,0,0,22),(419,'Jay Scrubb',2000,'https://ak-static.cms.nba.com/wp-content/uploads/headshots/nba/latest/260x190/1630206.png',0,0,0,0,0,0,0,0,22),(420,'Luke Kennard',2000,'https://ak-static.cms.nba.com/wp-content/uploads/headshots/nba/1610612746/2020/260x190/1628379.png',0,0,0,0,0,0,0,0,22),(421,'Amir Coffey',2000,'https://ak-static.cms.nba.com/wp-content/uploads/headshots/nba/1610612746/2020/260x190/1629599.png',0,0,0,0,0,0,0,0,22),(422,'Daniel Oturu',2000,'https://ak-static.cms.nba.com/wp-content/uploads/headshots/nba/latest/260x190/1630187.png',0,0,0,0,0,0,0,2,22),(423,'Terance Mann',2000,'https://ak-static.cms.nba.com/wp-content/uploads/headshots/nba/1610612746/2020/260x190/1629611.png',0,0,0,0,0,0,0,0,22),(424,'Patrick Beverley',2000,'https://ak-static.cms.nba.com/wp-content/uploads/headshots/nba/1610612746/2020/260x190/201976.png',0,0,0,0,0,0,0,0,22),(425,'Lou Williams',2000,'https://ak-static.cms.nba.com/wp-content/uploads/headshots/nba/1610612746/2020/260x190/101150.png',0,0,0,0,0,0,0,0,22),(426,'Marcus Morris',2000,'https://ak-static.cms.nba.com/wp-content/uploads/headshots/nba/1610612746/2020/260x190/202694.png',0,0,0,0,0,0,0,1,22),(427,'Patrick Patterson',2000,'https://ak-static.cms.nba.com/wp-content/uploads/headshots/nba/1610612746/2020/260x190/202335.png',0,0,0,0,0,0,0,1,22),(428,'Kyle Kuzma',2000,'https://ak-static.cms.nba.com/wp-content/uploads/headshots/nba/1610612747/2020/260x190/1628398.png',0,0,0,0,0,0,0,1,23),(429,'Kentavious Caldwell',2000,'https://ak-static.cms.nba.com/wp-content/uploads/headshots/nba/1610612747/2020/260x190/203484.png',0,0,0,0,0,0,0,0,23),(430,'Quinn Cook',2000,'https://ak-static.cms.nba.com/wp-content/uploads/headshots/nba/1610612747/2020/260x190/1626188.png',0,0,0,0,0,0,0,0,23),(431,'Talen Tucker',2000,'https://ak-static.cms.nba.com/wp-content/uploads/headshots/nba/1610612747/2020/260x190/1629659.png',0,0,0,0,0,0,0,0,23),(432,'Wesley Matthews',2000,'https://ak-static.cms.nba.com/wp-content/uploads/headshots/nba/1610612747/2020/260x190/202083.png',0,0,0,0,0,0,0,0,23),(433,'Montrezl Harell',2000,'https://ak-static.cms.nba.com/wp-content/uploads/headshots/nba/1610612747/2020/260x190/1626149.png',0,0,0,0,0,0,0,1,23),(434,'Dennis Schroder',2000,'https://ak-static.cms.nba.com/wp-content/uploads/headshots/nba/1610612747/2020/260x190/203471.png',0,0,0,0,0,0,0,0,23),(435,'Kostas Antetokounmpo',2000,'https://ak-static.cms.nba.com/wp-content/uploads/headshots/nba/1610612747/2020/260x190/1628961.png',0,0,0,0,0,0,0,1,23),(436,'Markieff Morris',2000,'https://ak-static.cms.nba.com/wp-content/uploads/headshots/nba/1610612747/2020/260x190/202693.png',0,0,0,0,0,0,0,1,23),(437,'TyShon Alexander',2000,'https://ak-static.cms.nba.com/wp-content/uploads/headshots/nba/1610612756/2020/260x190/1630234.png',0,0,0,0,0,0,0,0,24),(438,'Langston Galloway',2000,'https://ak-static.cms.nba.com/wp-content/uploads/headshots/nba/1610612756/2020/260x190/204038.png',0,0,0,0,0,0,0,0,24),(439,'Jevon Carter',2000,'https://ak-static.cms.nba.com/wp-content/uploads/headshots/nba/1610612756/2020/260x190/1628975.png',0,0,0,0,0,0,0,0,24),(440,'Frank Kaminsky',2000,'https://ak-static.cms.nba.com/wp-content/uploads/headshots/nba/latest/260x190/1626163.png',0,0,0,0,0,0,0,1,24),(441,'Jalen Smith',2000,'https://ak-static.cms.nba.com/wp-content/uploads/headshots/nba/1610612756/2020/260x190/1630188.png',0,0,0,0,0,0,0,1,24),(442,'Abdel Nader',2000,'https://ak-static.cms.nba.com/wp-content/uploads/headshots/nba/1610612756/2020/260x190/1627846.png',0,0,0,0,0,0,0,1,24),(443,'Cameron Payne',2000,'https://ak-static.cms.nba.com/wp-content/uploads/headshots/nba/1610612756/2020/260x190/1626166.png',0,0,0,0,0,0,0,0,24),(444,'Dario Saric',2000,'https://ak-static.cms.nba.com/wp-content/uploads/headshots/nba/1610612756/2020/260x190/203967.png',0,0,0,0,0,0,0,1,24),(445,'Cameron Johnson',2000,'https://ak-static.cms.nba.com/wp-content/uploads/headshots/nba/1610612756/2020/260x190/1629661.png',0,0,0,0,0,0,0,1,24),(446,'Mikal Bridges',2000,'https://ak-static.cms.nba.com/wp-content/uploads/headshots/nba/1610612756/2020/260x190/1628969.png',0,0,0,0,0,0,0,1,24),(447,'Damian Jones',2000,'https://ak-static.cms.nba.com/wp-content/uploads/headshots/nba/1610612756/2020/260x190/1627745.png',0,0,0,0,0,0,0,2,24),(448,'ETwaun Moore',2000,'https://ak-static.cms.nba.com/wp-content/uploads/headshots/nba/1610612756/2020/260x190/202734.png',0,0,0,0,0,0,0,0,24),(449,'Tyrese Haliburton',2000,'https://ak-static.cms.nba.com/wp-content/uploads/headshots/nba/1610612758/2020/260x190/1630169.png',0,0,0,0,0,0,0,0,25),(450,'Jahmius Ramsey',2000,'https://ak-static.cms.nba.com/wp-content/uploads/headshots/nba/1610612758/2020/260x190/1630186.png',0,0,0,0,0,0,0,0,25),(451,'Kyle Guy',2000,'https://ak-static.cms.nba.com/wp-content/uploads/headshots/nba/1610612758/2020/260x190/1629657.png',0,0,0,0,0,0,0,0,25),(452,'Nemanja Bjelica',2000,'https://ak-static.cms.nba.com/wp-content/uploads/headshots/nba/1610612758/2020/260x190/202357.png',0,0,0,0,0,0,0,1,25),(453,'Justin James',2000,'https://ak-static.cms.nba.com/wp-content/uploads/headshots/nba/1610612758/2020/260x190/1629713.png',0,0,0,0,0,0,0,0,25),(454,'Robert Woodard',2000,'https://ak-static.cms.nba.com/wp-content/uploads/headshots/nba/1610612758/2020/260x190/1630218.png',0,0,0,0,0,0,0,1,25),(455,'Hassan Whiteside',2000,'https://ak-static.cms.nba.com/wp-content/uploads/headshots/nba/1610612758/2020/260x190/202355.png',0,0,0,0,0,0,0,2,25),(456,'Richaun Holmes',2000,'https://ak-static.cms.nba.com/wp-content/uploads/headshots/nba/1610612758/2020/260x190/1626158.png',0,0,0,0,0,0,0,1,25),(457,'Chimezie Metu',2000,'https://ak-static.cms.nba.com/wp-content/uploads/headshots/nba/1610612758/2020/260x190/1629002.png',0,0,0,0,0,0,0,1,25),(458,'Glenn Robinson',2000,'https://ak-static.cms.nba.com/wp-content/uploads/headshots/nba/1610612758/2020/260x190/203922.png',0,0,0,0,0,0,0,1,25),(459,'Jabari Parker',2000,'https://ak-static.cms.nba.com/wp-content/uploads/headshots/nba/1610612758/2020/260x190/203953.png',0,0,0,0,0,0,0,1,25),(460,'Martin Bagley',2000,'https://ak-static.cms.nba.com/wp-content/uploads/headshots/nba/1610612758/2020/260x190/1628963.png',0,0,0,0,0,0,0,1,25),(461,'Maxi Kleber',2000,'https://ak-static.cms.nba.com/wp-content/uploads/headshots/nba/1610612742/2020/260x190/1628467.png',0,0,0,0,0,0,0,1,26),(462,'Boban Marjanovic',2000,'https://ak-static.cms.nba.com/wp-content/uploads/headshots/nba/1610612742/2020/260x190/1626246.png',0,0,0,0,0,0,0,2,26),(463,'Luka Doncic',2000,'https://ak-static.cms.nba.com/wp-content/uploads/headshots/nba/1610612742/2020/260x190/1629029.png',0,0,0,0,0,0,0,1,26),(464,'Sterling Brown',2000,'https://ak-static.cms.nba.com/wp-content/uploads/headshots/nba/latest/260x190/1628425.png',0,0,0,0,0,0,0,0,27),(465,'David Nwaba',2000,'https://ak-static.cms.nba.com/wp-content/uploads/headshots/nba/1610612745/2020/260x190/1628021.png',0,0,0,0,0,0,0,0,27),(466,'Chris Clemons',2000,'https://ak-static.cms.nba.com/wp-content/uploads/headshots/nba/1610612745/2020/260x190/1629598.png',0,0,0,0,0,0,0,0,27),(467,'Danuel House',2000,'https://ak-static.cms.nba.com/wp-content/uploads/headshots/nba/1610612745/2020/260x190/1627863.png',0,0,0,0,0,0,0,1,27),(468,'Bruno Caboclo',2000,'https://ak-static.cms.nba.com/wp-content/uploads/headshots/nba/1610612745/2020/260x190/203998.png',0,0,0,0,0,0,0,1,27),(469,'Kenyon Martin',2000,'https://ak-static.cms.nba.com/wp-content/uploads/headshots/nba/1610612745/2020/260x190/1630231.png',0,0,0,0,0,0,0,1,27),(470,'JaeSean Tate',2000,'https://ak-static.cms.nba.com/wp-content/uploads/headshots/nba/1610612745/2020/260x190/1630256.png',0,0,0,0,0,0,0,1,27),(471,'Ben McLemore',2000,'https://ak-static.cms.nba.com/wp-content/uploads/headshots/nba/1610612745/2020/260x190/203463.png',0,0,0,0,0,0,0,0,27),(472,'PJ Tucker',2000,'https://ak-static.cms.nba.com/wp-content/uploads/headshots/nba/1610612745/2020/260x190/200782.png',0,0,0,0,0,0,0,1,27),(473,'Brodric Thomas',2000,'https://ak-static.cms.nba.com/wp-content/uploads/headshots/nba/1610612745/2020/260x190/1630271.png',0,0,0,0,0,0,0,0,27),(474,'Christian Wood',2000,'https://ak-static.cms.nba.com/wp-content/uploads/headshots/nba/1610612745/2020/260x190/1626174.png',0,0,0,0,0,0,0,1,27),(475,'DeAnthony Melton',2000,'https://ak-static.cms.nba.com/wp-content/uploads/headshots/nba/1610612763/2020/260x190/1629001.png',0,0,0,0,0,0,0,0,28),(476,'Xavier Tillman',2000,'https://ak-static.cms.nba.com/wp-content/uploads/headshots/nba/1610612763/2020/260x190/1630214.png',0,0,0,0,0,0,0,1,28),(477,'Jontay Porter',2000,'https://ak-static.cms.nba.com/wp-content/uploads/headshots/nba/1610612763/2020/260x190/1629007.png',0,0,0,0,0,0,0,2,28),(478,'Justise Winslow',2000,'https://ak-static.cms.nba.com/wp-content/uploads/headshots/nba/1610612763/2020/260x190/1626159.png',0,0,0,0,0,0,0,1,28),(479,'Jaren Jackson',2000,'https://ak-static.cms.nba.com/wp-content/uploads/headshots/nba/1610612763/2020/260x190/1628991.png',0,0,0,0,0,0,0,1,28),(480,'Gorgui Dieng',2000,'https://ak-static.cms.nba.com/wp-content/uploads/headshots/nba/1610612763/2020/260x190/203476.png',0,0,0,0,0,0,0,2,28),(481,'Tyus Jones',2000,'https://ak-static.cms.nba.com/wp-content/uploads/headshots/nba/1610612763/2020/260x190/1626145.png',0,0,0,0,0,0,0,0,28),(482,'Desmond Bane',2000,'https://ak-static.cms.nba.com/wp-content/uploads/headshots/nba/1610612763/2020/260x190/1630217.png',0,0,0,0,0,0,0,0,28),(483,'Sean McDermott',2000,'https://ak-static.cms.nba.com/wp-content/uploads/headshots/nba/1610612763/2020/260x190/1630253.png',0,0,0,0,0,0,0,1,28),(484,'Killian Tillie',2000,'https://ak-static.cms.nba.com/wp-content/uploads/headshots/nba/1610612763/2020/260x190/1629681.png',0,0,0,0,0,0,0,1,28),(485,'John Konchar',2000,'https://ak-static.cms.nba.com/wp-content/uploads/headshots/nba/1610612763/2020/260x190/1629723.png',0,0,0,0,0,0,0,0,28),(486,'Zion Williamson',2000,'https://ak-static.cms.nba.com/wp-content/uploads/headshots/nba/1610612740/2020/260x190/1629627.png',0,0,0,0,0,0,0,1,29),(487,'JJ Redick',2000,'https://ak-static.cms.nba.com/wp-content/uploads/headshots/nba/1610612740/2020/260x190/200755.png',0,0,0,0,0,0,0,0,29),(488,'Nickeil Walker',2000,'https://ak-static.cms.nba.com/wp-content/uploads/headshots/nba/1610612740/2020/260x190/1629638.png',0,0,0,0,0,0,0,0,29),(489,'Naji Marshall',2000,'https://ak-static.cms.nba.com/wp-content/uploads/headshots/nba/1610612740/2020/260x190/1630230.png',0,0,0,0,0,0,0,1,29),(490,'Willy Hernangomez',2000,'https://ak-static.cms.nba.com/wp-content/uploads/headshots/nba/1610612740/2020/260x190/1626195.png',0,0,0,0,0,0,0,2,29),(491,'Jaxson Hayes',2000,'https://ak-static.cms.nba.com/wp-content/uploads/headshots/nba/1610612740/2020/260x190/1629637.png',0,0,0,0,0,0,0,2,29),(492,'Kira Lewis',2000,'https://ak-static.cms.nba.com/wp-content/uploads/headshots/nba/1610612740/2020/260x190/1630184.png',0,0,0,0,0,0,0,0,29),(493,'Sindarius Thornwell',2000,'https://ak-static.cms.nba.com/wp-content/uploads/headshots/nba/1610612740/2020/260x190/1628414.png',0,0,0,0,0,0,0,0,29),(494,'Nicolo Melli',2000,'https://ak-static.cms.nba.com/wp-content/uploads/headshots/nba/1610612740/2020/260x190/1629740.png',0,0,0,0,0,0,0,1,29),(495,'Wenyen Gabriel',2000,'https://ak-static.cms.nba.com/wp-content/uploads/headshots/nba/1610612740/2020/260x190/1629117.png',0,0,0,0,0,0,0,1,29),(496,'Lonnie Walker',2000,'https://ak-static.cms.nba.com/wp-content/uploads/headshots/nba/1610612759/2020/260x190/1629022.png',0,0,0,0,0,0,0,0,30),(497,'Keldon Johnson',2000,'https://ak-static.cms.nba.com/wp-content/uploads/headshots/nba/1610612759/2020/260x190/1629640.png',0,0,0,0,0,0,0,1,30),(498,'Derrick White',2000,'https://ak-static.cms.nba.com/wp-content/uploads/headshots/nba/latest/260x190/1628401.png',0,0,0,0,0,0,0,0,30),(499,'Dejounte Murray',2000,'https://ak-static.cms.nba.com/wp-content/uploads/headshots/nba/1610612759/2020/260x190/1627749.png',0,0,0,0,0,0,0,0,30),(500,'Drew Eubanks',2000,'https://ak-static.cms.nba.com/wp-content/uploads/headshots/nba/1610612759/2020/260x190/1629234.png',0,0,0,0,0,0,0,1,30),(501,'Quinndary Weatherspoon',2000,'https://ak-static.cms.nba.com/wp-content/uploads/headshots/nba/1610612759/2020/260x190/1629683.png',0,0,0,0,0,0,0,0,30),(502,'Luka Samanic',2000,'https://ak-static.cms.nba.com/wp-content/uploads/headshots/nba/1610612759/2020/260x190/1629677.png',0,0,0,0,0,0,0,1,30),(503,'Devin Vassell',2000,'https://ak-static.cms.nba.com/wp-content/uploads/headshots/nba/1610612759/2020/260x190/1630170.png',0,0,0,0,0,0,0,0,30),(504,'Jakob Poeltl',2000,'https://ak-static.cms.nba.com/wp-content/uploads/headshots/nba/1610612759/2020/260x190/1627751.png',0,0,0,0,0,0,0,2,30),(505,'Tre Jones',2000,'https://ak-static.cms.nba.com/wp-content/uploads/headshots/nba/1610612759/2020/260x190/1630200.png',0,0,0,0,0,0,0,0,30),(506,'Deividas Sirvydis',2000,'https://ak-static.cms.nba.com/wp-content/uploads/headshots/nba/latest/260x190/logoman.png',0,0,0,0,0,0,0,1,8);
/*!40000 ALTER TABLE `zaidejai` ENABLE KEYS */;
UNLOCK TABLES;
/*!40103 SET TIME_ZONE=@OLD_TIME_ZONE */;

/*!40101 SET SQL_MODE=@OLD_SQL_MODE */;
/*!40014 SET FOREIGN_KEY_CHECKS=@OLD_FOREIGN_KEY_CHECKS */;
/*!40014 SET UNIQUE_CHECKS=@OLD_UNIQUE_CHECKS */;
/*!40101 SET CHARACTER_SET_CLIENT=@OLD_CHARACTER_SET_CLIENT */;
/*!40101 SET CHARACTER_SET_RESULTS=@OLD_CHARACTER_SET_RESULTS */;
/*!40101 SET COLLATION_CONNECTION=@OLD_COLLATION_CONNECTION */;
/*!40111 SET SQL_NOTES=@OLD_SQL_NOTES */;

-- Dump completed on 2021-01-05 12:05:37
